"Thứ tự học","Phần","Nhóm","ID","Tên bài","Độ khó","Premium","Có trong project","Link","Tags"
"1","A","Duyệt, biến đổi và mô phỏng chuỗi","58","Length of Last Word","Easy","Không","Có","https://leetcode.com/problems/length-of-last-word/","String"
"2","A","Duyệt, biến đổi và mô phỏng chuỗi","709","To Lower Case","Easy","Không","Có","https://leetcode.com/problems/to-lower-case/","String"
"3","A","Duyệt, biến đổi và mô phỏng chuỗi","1108","Defanging an IP Address","Easy","Không","Có","https://leetcode.com/problems/defanging-an-ip-address/","String"
"4","A","Duyệt, biến đổi và mô phỏng chuỗi","1662","Check If Two String Arrays are Equivalent","Easy","Không","Có","https://leetcode.com/problems/check-if-two-string-arrays-are-equivalent/","Array; String"
"5","A","Duyệt, biến đổi và mô phỏng chuỗi","1678","Goal Parser Interpretation","Easy","Không","Có","https://leetcode.com/problems/goal-parser-interpretation/","String"
"6","A","Duyệt, biến đổi và mô phỏng chuỗi","1768","Merge Strings Alternately","Easy","Không","Có","https://leetcode.com/problems/merge-strings-alternately/","Two Pointers; String"
"7","A","Duyệt, biến đổi và mô phỏng chuỗi","344","Reverse String","Easy","Không","Có","https://leetcode.com/problems/reverse-string/","Two Pointers; String"
"8","A","Duyệt, biến đổi và mô phỏng chuỗi","541","Reverse String II","Easy","Không","Có","https://leetcode.com/problems/reverse-string-ii/","Two Pointers; String"
"9","A","Duyệt, biến đổi và mô phỏng chuỗi","557","Reverse Words in a String III","Easy","Không","Có","https://leetcode.com/problems/reverse-words-in-a-string-iii/","Two Pointers; String"
"10","A","Duyệt, biến đổi và mô phỏng chuỗi","151","Reverse Words in a String","Medium","Không","Chưa","https://leetcode.com/problems/reverse-words-in-a-string/","Two Pointers; String"
"11","A","Duyệt, biến đổi và mô phỏng chuỗi","14","Longest Common Prefix","Easy","Không","Có","https://leetcode.com/problems/longest-common-prefix/","Array; String; Trie"
"12","A","Duyệt, biến đổi và mô phỏng chuỗi","443","String Compression","Medium","Không","Có","https://leetcode.com/problems/string-compression/","Two Pointers; String"
"13","A","Đếm ký tự, Hash Map và anagram","383","Ransom Note","Easy","Không","Có","https://leetcode.com/problems/ransom-note/","Hash Table; String; Counting"
"14","A","Đếm ký tự, Hash Map và anagram","242","Valid Anagram","Easy","Không","Có","https://leetcode.com/problems/valid-anagram/","Hash Table; String; Sorting"
"15","A","Đếm ký tự, Hash Map và anagram","387","First Unique Character in a String","Easy","Không","Có","https://leetcode.com/problems/first-unique-character-in-a-string/","Hash Table; String; Queue; Counting"
"16","A","Đếm ký tự, Hash Map và anagram","389","Find the Difference","Easy","Không","Có","https://leetcode.com/problems/find-the-difference/","Hash Table; String; Bit Manipulation; Sorting"
"17","A","Đếm ký tự, Hash Map và anagram","409","Longest Palindrome","Easy","Không","Có","https://leetcode.com/problems/longest-palindrome/","Hash Table; String; Greedy"
"18","A","Đếm ký tự, Hash Map và anagram","771","Jewels and Stones","Easy","Không","Có","https://leetcode.com/problems/jewels-and-stones/","Hash Table; String"
"19","A","Đếm ký tự, Hash Map và anagram","205","Isomorphic Strings","Easy","Không","Có","https://leetcode.com/problems/isomorphic-strings/","Hash Table; String"
"20","A","Đếm ký tự, Hash Map và anagram","290","Word Pattern","Easy","Không","Có","https://leetcode.com/problems/word-pattern/","Hash Table; String"
"21","A","Đếm ký tự, Hash Map và anagram","49","Group Anagrams","Medium","Không","Có","https://leetcode.com/problems/group-anagrams/","Array; Hash Table; String; Sorting"
"22","A","Đếm ký tự, Hash Map và anagram","451","Sort Characters By Frequency","Medium","Không","Có","https://leetcode.com/problems/sort-characters-by-frequency/","Hash Table; String; Sorting; Heap (Priority Queue); Bucket Sort; Counting"
"23","A","Đếm ký tự, Hash Map và anagram","1657","Determine if Two Strings Are Close","Medium","Không","Có","https://leetcode.com/problems/determine-if-two-strings-are-close/","Hash Table; String; Sorting; Counting"
"24","A","Two pointers và subsequence","125","Valid Palindrome","Easy","Không","Có","https://leetcode.com/problems/valid-palindrome/","Two Pointers; String"
"25","A","Two pointers và subsequence","680","Valid Palindrome II","Easy","Không","Có","https://leetcode.com/problems/valid-palindrome-ii/","Two Pointers; String; Greedy"
"26","A","Two pointers và subsequence","345","Reverse Vowels of a String","Easy","Không","Có","https://leetcode.com/problems/reverse-vowels-of-a-string/","Two Pointers; String"
"27","A","Two pointers và subsequence","917","Reverse Only Letters","Easy","Không","Có","https://leetcode.com/problems/reverse-only-letters/","Two Pointers; String"
"28","A","Two pointers và subsequence","844","Backspace String Compare","Easy","Không","Có","https://leetcode.com/problems/backspace-string-compare/","Two Pointers; String; Stack; Simulation"
"29","A","Two pointers và subsequence","392","Is Subsequence","Easy","Không","Có","https://leetcode.com/problems/is-subsequence/","Two Pointers; String; Dynamic Programming"
"30","A","Two pointers và subsequence","524","Longest Word in Dictionary through Deleting","Medium","Không","Chưa","https://leetcode.com/problems/longest-word-in-dictionary-through-deleting/","Array; Two Pointers; String; Sorting"
"31","A","Two pointers và subsequence","1750","Minimum Length of String After Deleting Similar Ends","Medium","Không","Chưa","https://leetcode.com/problems/minimum-length-of-string-after-deleting-similar-ends/","Two Pointers; String"
"32","A","Sliding window và substring","1456","Maximum Number of Vowels in a Substring of Given Length","Medium","Không","Có","https://leetcode.com/problems/maximum-number-of-vowels-in-a-substring-of-given-length/","String; Sliding Window"
"33","A","Sliding window và substring","1876","Substrings of Size Three with Distinct Characters","Easy","Không","Có","https://leetcode.com/problems/substrings-of-size-three-with-distinct-characters/","Hash Table; String; Sliding Window; Counting"
"34","A","Sliding window và substring","3","Longest Substring Without Repeating Characters","Medium","Không","Có","https://leetcode.com/problems/longest-substring-without-repeating-characters/","Hash Table; String; Sliding Window"
"35","A","Sliding window và substring","438","Find All Anagrams in a String","Medium","Không","Có","https://leetcode.com/problems/find-all-anagrams-in-a-string/","Hash Table; String; Sliding Window"
"36","A","Sliding window và substring","567","Permutation in String","Medium","Không","Có","https://leetcode.com/problems/permutation-in-string/","Hash Table; Two Pointers; String; Sliding Window"
"37","A","Sliding window và substring","424","Longest Repeating Character Replacement","Medium","Không","Có","https://leetcode.com/problems/longest-repeating-character-replacement/","Hash Table; String; Sliding Window"
"38","A","Sliding window và substring","159","Longest Substring with At Most Two Distinct Characters","Medium","Có","Có","https://leetcode.com/problems/longest-substring-with-at-most-two-distinct-characters/","Hash Table; String; Sliding Window"
"39","A","Sliding window và substring","340","Longest Substring with At Most K Distinct Characters","Medium","Có","Có","https://leetcode.com/problems/longest-substring-with-at-most-k-distinct-characters/","Hash Table; String; Sliding Window"
"40","A","Sliding window và substring","1358","Number of Substrings Containing All Three Characters","Medium","Không","Có","https://leetcode.com/problems/number-of-substrings-containing-all-three-characters/","Hash Table; String; Sliding Window"
"41","A","Sliding window và substring","76","Minimum Window Substring","Hard","Không","Có","https://leetcode.com/problems/minimum-window-substring/","Hash Table; String; Sliding Window"
"42","A","Sliding window và substring","30","Substring with Concatenation of All Words","Hard","Không","Có","https://leetcode.com/problems/substring-with-concatenation-of-all-words/","Hash Table; String; Sliding Window"
"43","A","Stack, ngoặc và xóa ký tự","20","Valid Parentheses","Easy","Không","Có","https://leetcode.com/problems/valid-parentheses/","String; Stack; Bracket Sequences"
"44","A","Stack, ngoặc và xóa ký tự","1021","Remove Outermost Parentheses","Easy","Không","Có","https://leetcode.com/problems/remove-outermost-parentheses/","String; Stack; Bracket Sequences"
"45","A","Stack, ngoặc và xóa ký tự","1047","Remove All Adjacent Duplicates In String","Easy","Không","Chưa","https://leetcode.com/problems/remove-all-adjacent-duplicates-in-string/","String; Stack"
"46","A","Stack, ngoặc và xóa ký tự","1209","Remove All Adjacent Duplicates in String II","Medium","Không","Chưa","https://leetcode.com/problems/remove-all-adjacent-duplicates-in-string-ii/","String; Stack"
"47","A","Stack, ngoặc và xóa ký tự","1249","Minimum Remove to Make Valid Parentheses","Medium","Không","Có","https://leetcode.com/problems/minimum-remove-to-make-valid-parentheses/","String; Stack"
"48","A","Stack, ngoặc và xóa ký tự","921","Minimum Add to Make Parentheses Valid","Medium","Không","Có","https://leetcode.com/problems/minimum-add-to-make-parentheses-valid/","String; Stack; Greedy; Bracket Sequences"
"49","A","Stack, ngoặc và xóa ký tự","856","Score of Parentheses","Medium","Không","Có","https://leetcode.com/problems/score-of-parentheses/","String; Stack; Bracket Sequences"
"50","A","Stack, ngoặc và xóa ký tự","1541","Minimum Insertions to Balance a Parentheses String","Medium","Không","Có","https://leetcode.com/problems/minimum-insertions-to-balance-a-parentheses-string/","String; Stack; Greedy; Bracket Sequences"
"51","A","Stack, ngoặc và xóa ký tự","2116","Check if a Parentheses String Can Be Valid","Medium","Không","Có","https://leetcode.com/problems/check-if-a-parentheses-string-can-be-valid/","String; Stack; Greedy; Bracket Sequences"
"52","A","Stack, ngoặc và xóa ký tự","678","Valid Parenthesis String","Medium","Không","Có","https://leetcode.com/problems/valid-parenthesis-string/","String; Dynamic Programming; Stack; Greedy; Bracket Sequences"
"53","A","Stack, ngoặc và xóa ký tự","32","Longest Valid Parentheses","Hard","Không","Có","https://leetcode.com/problems/longest-valid-parentheses/","String; Dynamic Programming; Stack; Bracket Sequences"
"54","A","Stack, ngoặc và xóa ký tự","1190","Reverse Substrings Between Each Pair of Parentheses","Medium","Không","Có","https://leetcode.com/problems/reverse-substrings-between-each-pair-of-parentheses/","String; Stack; Bracket Sequences"
"55","A","Stack, ngoặc và xóa ký tự","394","Decode String","Medium","Không","Có","https://leetcode.com/problems/decode-string/","String; Stack; Recursion"
"56","A","Stack, ngoặc và xóa ký tự","71","Simplify Path","Medium","Không","Có","https://leetcode.com/problems/simplify-path/","String; Stack"
"57","A","Parsing, số lớn và biểu thức","13","Roman to Integer","Easy","Không","Có","https://leetcode.com/problems/roman-to-integer/","Hash Table; Math; String"
"58","A","Parsing, số lớn và biểu thức","12","Integer to Roman","Medium","Không","Chưa","https://leetcode.com/problems/integer-to-roman/","Hash Table; Math; String"
"59","A","Parsing, số lớn và biểu thức","67","Add Binary","Easy","Không","Có","https://leetcode.com/problems/add-binary/","Math; String; Bit Manipulation; Simulation"
"60","A","Parsing, số lớn và biểu thức","415","Add Strings","Easy","Không","Chưa","https://leetcode.com/problems/add-strings/","Math; String; Simulation"
"61","A","Parsing, số lớn và biểu thức","8","String to Integer (atoi)","Medium","Không","Có","https://leetcode.com/problems/string-to-integer-atoi/","String"
"62","A","Parsing, số lớn và biểu thức","43","Multiply Strings","Medium","Không","Có","https://leetcode.com/problems/multiply-strings/","Math; String; Simulation"
"63","A","Parsing, số lớn và biểu thức","65","Valid Number","Hard","Không","Có","https://leetcode.com/problems/valid-number/","String"
"64","A","Parsing, số lớn và biểu thức","227","Basic Calculator II","Medium","Không","Chưa","https://leetcode.com/problems/basic-calculator-ii/","Math; String; Stack"
"65","A","Parsing, số lớn và biểu thức","224","Basic Calculator","Hard","Không","Có","https://leetcode.com/problems/basic-calculator/","Math; String; Stack; Recursion"
"66","A","Parsing, số lớn và biểu thức","726","Number of Atoms","Hard","Không","Chưa","https://leetcode.com/problems/number-of-atoms/","Hash Table; String; Stack; Sorting"
"67","A","Parsing, số lớn và biểu thức","770","Basic Calculator IV","Hard","Không","Có","https://leetcode.com/problems/basic-calculator-iv/","Hash Table; Math; String; Stack; Recursion"
"68","A","Parsing, số lớn và biểu thức","3481","Apply Substitutions","Medium","Có","Có","https://leetcode.com/problems/apply-substitutions/","Array; Hash Table; String; Depth-First Search; Breadth-First Search; Graph Theory; Topological Sort"
"69","A","String matching, KMP và hashing","28","Find the Index of the First Occurrence in a String","Easy","Không","Có","https://leetcode.com/problems/find-the-index-of-the-first-occurrence-in-a-string/","Two Pointers; String; String Matching; Z Algorithm; Knuth–Morris–Pratt Algorithm; Boyer–Moore String-Search Algorithm"
"70","A","String matching, KMP và hashing","459","Repeated Substring Pattern","Easy","Không","Chưa","https://leetcode.com/problems/repeated-substring-pattern/","String; String Matching; Z Algorithm; Knuth–Morris–Pratt Algorithm"
"71","A","String matching, KMP và hashing","796","Rotate String","Easy","Không","Chưa","https://leetcode.com/problems/rotate-string/","String; String Matching"
"72","A","String matching, KMP và hashing","686","Repeated String Match","Medium","Không","Chưa","https://leetcode.com/problems/repeated-string-match/","String; String Matching; Z Algorithm; Knuth–Morris–Pratt Algorithm; Boyer–Moore String-Search Algorithm"
"73","A","String matching, KMP và hashing","1392","Longest Happy Prefix","Hard","Không","Chưa","https://leetcode.com/problems/longest-happy-prefix/","String; Rolling Hash; String Matching; Hash Function; Z Algorithm; Knuth–Morris–Pratt Algorithm"
"74","A","String matching, KMP và hashing","214","Shortest Palindrome","Hard","Không","Có","https://leetcode.com/problems/shortest-palindrome/","String; Rolling Hash; String Matching; Hash Function; Manacher; Z Algorithm; Knuth–Morris–Pratt Algorithm"
"75","A","String matching, KMP và hashing","187","Repeated DNA Sequences","Medium","Không","Chưa","https://leetcode.com/problems/repeated-dna-sequences/","Hash Table; String; Bit Manipulation; Sliding Window; Rolling Hash; Hash Function; Z Algorithm; Boyer–Moore String-Search Algorithm"
"76","A","String matching, KMP và hashing","1044","Longest Duplicate Substring","Hard","Không","Có","https://leetcode.com/problems/longest-duplicate-substring/","String; Binary Search; Sliding Window; Rolling Hash; Suffix Array; Hash Function; Suffix Automaton; Suffix Tree; Z Algorithm; Boyer–Moore String-Search Algorithm"
"77","A","String matching, KMP và hashing","1316","Distinct Echo Substrings","Hard","Không","Chưa","https://leetcode.com/problems/distinct-echo-substrings/","String; Trie; Rolling Hash; Suffix Array; Hash Function; Suffix Automaton; Suffix Tree"
"78","A","String matching, KMP và hashing","2301","Match Substring After Replacement","Hard","Không","Có","https://leetcode.com/problems/match-substring-after-replacement/","Array; Hash Table; String; String Matching"
"79","A","Trie, prefix và dictionary","208","Implement Trie (Prefix Tree)","Medium","Không","Có","https://leetcode.com/problems/implement-trie-prefix-tree/","Hash Table; String; Design; Trie"
"80","A","Trie, prefix và dictionary","211","Design Add and Search Words Data Structure","Medium","Không","Có","https://leetcode.com/problems/design-add-and-search-words-data-structure/","String; Depth-First Search; Design; Trie"
"81","A","Trie, prefix và dictionary","648","Replace Words","Medium","Không","Có","https://leetcode.com/problems/replace-words/","Array; Hash Table; String; Trie"
"82","A","Trie, prefix và dictionary","677","Map Sum Pairs","Medium","Không","Có","https://leetcode.com/problems/map-sum-pairs/","Hash Table; String; Design; Trie"
"83","A","Trie, prefix và dictionary","1268","Search Suggestions System","Medium","Không","Có","https://leetcode.com/problems/search-suggestions-system/","Array; String; Binary Search; Trie; Sorting; Heap (Priority Queue)"
"84","A","Trie, prefix và dictionary","2416","Sum of Prefix Scores of Strings","Hard","Không","Có","https://leetcode.com/problems/sum-of-prefix-scores-of-strings/","Array; String; Trie; Counting"
"85","A","Trie, prefix và dictionary","745","Prefix and Suffix Search","Hard","Không","Có","https://leetcode.com/problems/prefix-and-suffix-search/","Array; Hash Table; String; Design; Trie"
"86","A","Trie, prefix và dictionary","212","Word Search II","Hard","Không","Có","https://leetcode.com/problems/word-search-ii/","Array; String; Backtracking; Trie; Matrix"
"87","A","Backtracking và đệ quy trên chuỗi","17","Letter Combinations of a Phone Number","Medium","Không","Có","https://leetcode.com/problems/letter-combinations-of-a-phone-number/","Hash Table; String; Backtracking"
"88","A","Backtracking và đệ quy trên chuỗi","22","Generate Parentheses","Medium","Không","Có","https://leetcode.com/problems/generate-parentheses/","String; Dynamic Programming; Backtracking; Bracket Sequences"
"89","A","Backtracking và đệ quy trên chuỗi","93","Restore IP Addresses","Medium","Không","Chưa","https://leetcode.com/problems/restore-ip-addresses/","String; Backtracking"
"90","A","Backtracking và đệ quy trên chuỗi","131","Palindrome Partitioning","Medium","Không","Có","https://leetcode.com/problems/palindrome-partitioning/","String; Dynamic Programming; Backtracking"
"91","A","Backtracking và đệ quy trên chuỗi","784","Letter Case Permutation","Medium","Không","Có","https://leetcode.com/problems/letter-case-permutation/","String; Backtracking; Bit Manipulation"
"92","A","Backtracking và đệ quy trên chuỗi","1239","Maximum Length of a Concatenated String with Unique Characters","Medium","Không","Chưa","https://leetcode.com/problems/maximum-length-of-a-concatenated-string-with-unique-characters/","Array; String; Backtracking; Bit Manipulation"
"93","A","Backtracking và đệ quy trên chuỗi","301","Remove Invalid Parentheses","Hard","Không","Có","https://leetcode.com/problems/remove-invalid-parentheses/","String; Backtracking; Breadth-First Search"
"94","A","Backtracking và đệ quy trên chuỗi","241","Different Ways to Add Parentheses","Medium","Không","Có","https://leetcode.com/problems/different-ways-to-add-parentheses/","Math; String; Dynamic Programming; Recursion; Memoization; Bracket Sequences"
"95","A","Backtracking và đệ quy trên chuỗi","1096","Brace Expansion II","Hard","Không","Có","https://leetcode.com/problems/brace-expansion-ii/","Hash Table; String; Backtracking; Stack; Breadth-First Search; Sorting"
"96","A","DP, palindrome và subsequence","5","Longest Palindromic Substring","Medium","Không","Có","https://leetcode.com/problems/longest-palindromic-substring/","Two Pointers; String; Dynamic Programming; Manacher"
"97","A","DP, palindrome và subsequence","647","Palindromic Substrings","Medium","Không","Chưa","https://leetcode.com/problems/palindromic-substrings/","Two Pointers; String; Dynamic Programming"
"98","A","DP, palindrome và subsequence","516","Longest Palindromic Subsequence","Medium","Không","Có","https://leetcode.com/problems/longest-palindromic-subsequence/","String; Dynamic Programming"
"99","A","DP, palindrome và subsequence","1143","Longest Common Subsequence","Medium","Không","Có","https://leetcode.com/problems/longest-common-subsequence/","String; Dynamic Programming; Longest Common Subsequence"
"100","A","DP, palindrome và subsequence","583","Delete Operation for Two Strings","Medium","Không","Có","https://leetcode.com/problems/delete-operation-for-two-strings/","String; Dynamic Programming; Longest Common Subsequence"
"101","A","DP, palindrome và subsequence","72","Edit Distance","Medium","Không","Có","https://leetcode.com/problems/edit-distance/","String; Dynamic Programming"
"102","A","DP, palindrome và subsequence","97","Interleaving String","Medium","Không","Có","https://leetcode.com/problems/interleaving-string/","String; Dynamic Programming"
"103","A","DP, palindrome và subsequence","115","Distinct Subsequences","Hard","Không","Có","https://leetcode.com/problems/distinct-subsequences/","String; Dynamic Programming"
"104","A","DP, palindrome và subsequence","139","Word Break","Medium","Không","Có","https://leetcode.com/problems/word-break/","Array; Hash Table; String; Dynamic Programming; Trie; Memoization; Brute-Force Search"
"105","A","DP, palindrome và subsequence","91","Decode Ways","Medium","Không","Có","https://leetcode.com/problems/decode-ways/","String; Dynamic Programming"
"106","A","DP, palindrome và subsequence","1312","Minimum Insertion Steps to Make a String Palindrome","Hard","Không","Có","https://leetcode.com/problems/minimum-insertion-steps-to-make-a-string-palindrome/","String; Dynamic Programming"
"107","A","DP, palindrome và subsequence","132","Palindrome Partitioning II","Hard","Không","Có","https://leetcode.com/problems/palindrome-partitioning-ii/","String; Dynamic Programming"
"108","A","DP, palindrome và subsequence","10","Regular Expression Matching","Hard","Không","Có","https://leetcode.com/problems/regular-expression-matching/","String; Dynamic Programming; Recursion"
"109","A","DP, palindrome và subsequence","44","Wildcard Matching","Hard","Không","Có","https://leetcode.com/problems/wildcard-matching/","String; Dynamic Programming; Greedy; Recursion"
"110","A","DP, palindrome và subsequence","1531","String Compression II","Hard","Không","Có","https://leetcode.com/problems/string-compression-ii/","String; Dynamic Programming"
"111","A","DP, palindrome và subsequence","664","Strange Printer","Hard","Không","Có","https://leetcode.com/problems/strange-printer/","String; Dynamic Programming"
"112","A","DP, palindrome và subsequence","730","Count Different Palindromic Subsequences","Hard","Không","Có","https://leetcode.com/problems/count-different-palindromic-subsequences/","String; Dynamic Programming"
"113","A","Greedy, sắp xếp và thứ tự từ điển","1663","Smallest String With A Given Numeric Value","Medium","Không","Chưa","https://leetcode.com/problems/smallest-string-with-a-given-numeric-value/","String; Greedy"
"114","A","Greedy, sắp xếp và thứ tự từ điển","767","Reorganize String","Medium","Không","Có","https://leetcode.com/problems/reorganize-string/","Hash Table; String; Greedy; Sorting; Heap (Priority Queue); Counting"
"115","A","Greedy, sắp xếp và thứ tự từ điển","791","Custom Sort String","Medium","Không","Chưa","https://leetcode.com/problems/custom-sort-string/","Hash Table; String; Sorting"
"116","A","Greedy, sắp xếp và thứ tự từ điển","316","Remove Duplicate Letters","Medium","Không","Có","https://leetcode.com/problems/remove-duplicate-letters/","String; Stack; Greedy; Monotonic Stack"
"117","A","Greedy, sắp xếp và thứ tự từ điển","402","Remove K Digits","Medium","Không","Có","https://leetcode.com/problems/remove-k-digits/","String; Stack; Greedy; Monotonic Stack"
"118","A","Greedy, sắp xếp và thứ tự từ điển","1081","Smallest Subsequence of Distinct Characters","Medium","Không","Có","https://leetcode.com/problems/smallest-subsequence-of-distinct-characters/","String; Stack; Greedy; Monotonic Stack"
"119","A","Greedy, sắp xếp và thứ tự từ điển","761","Special Binary String","Hard","Không","Có","https://leetcode.com/problems/special-binary-string/","String; Divide and Conquer; Sorting"
"120","A","Greedy, sắp xếp và thứ tự từ điển","899","Orderly Queue","Hard","Không","Có","https://leetcode.com/problems/orderly-queue/","Math; String; Sorting; Lexicographically Minimal String Rotation"
"121","A","Greedy, sắp xếp và thứ tự từ điển","2434","Using a Robot to Print the Lexicographically Smallest String","Medium","Không","Chưa","https://leetcode.com/problems/using-a-robot-to-print-the-lexicographically-smallest-string/","Hash Table; String; Stack; Greedy"
"122","A","Kết hợp thuật toán nâng cao","1397","Find All Good Strings","Hard","Không","Có","https://leetcode.com/problems/find-all-good-strings/","String; Dynamic Programming; String Matching"
"123","A","Kết hợp thuật toán nâng cao","2213","Longest Substring of One Repeating Character","Hard","Không","Có","https://leetcode.com/problems/longest-substring-of-one-repeating-character/","Array; String; Segment Tree; Ordered Set"
"124","A","Kết hợp thuật toán nâng cao","3045","Count Prefix and Suffix Pairs II","Hard","Không","Có","https://leetcode.com/problems/count-prefix-and-suffix-pairs-ii/","Array; String; Trie; Rolling Hash; String Matching; Hash Function; Z Algorithm"
"125","A","Kết hợp thuật toán nâng cao","3306","Count of Substrings Containing Every Vowel and K Consonants II","Medium","Không","Có","https://leetcode.com/problems/count-of-substrings-containing-every-vowel-and-k-consonants-ii/","Hash Table; String; Sliding Window"
"126","A","Kết hợp thuật toán nâng cao","3518","Smallest Palindromic Rearrangement II","Hard","Không","Có","https://leetcode.com/problems/smallest-palindromic-rearrangement-ii/","Hash Table; Math; String; Combinatorics; Counting"
"127","B","Duyệt, biến đổi và mô phỏng chuỗi","243","Shortest Word Distance","Easy","Có","Chưa","https://leetcode.com/problems/shortest-word-distance/","Array; String"
"128","B","Duyệt, biến đổi và mô phỏng chuỗi","293","Flip Game","Easy","Có","Chưa","https://leetcode.com/problems/flip-game/","String"
"129","B","Duyệt, biến đổi và mô phỏng chuỗi","434","Number of Segments in a String","Easy","Không","Chưa","https://leetcode.com/problems/number-of-segments-in-a-string/","String"
"130","B","Duyệt, biến đổi và mô phỏng chuỗi","482","License Key Formatting","Easy","Không","Chưa","https://leetcode.com/problems/license-key-formatting/","String"
"131","B","Duyệt, biến đổi và mô phỏng chuỗi","520","Detect Capital","Easy","Không","Chưa","https://leetcode.com/problems/detect-capital/","String"
"132","B","Duyệt, biến đổi và mô phỏng chuỗi","521","Longest Uncommon Subsequence I","Easy","Không","Chưa","https://leetcode.com/problems/longest-uncommon-subsequence-i/","String"
"133","B","Duyệt, biến đổi và mô phỏng chuỗi","551","Student Attendance Record I","Easy","Không","Chưa","https://leetcode.com/problems/student-attendance-record-i/","String"
"134","B","Duyệt, biến đổi và mô phỏng chuỗi","604","Design Compressed String Iterator","Easy","Có","Chưa","https://leetcode.com/problems/design-compressed-string-iterator/","Array; String; Design; Iterator"
"135","B","Duyệt, biến đổi và mô phỏng chuỗi","657","Robot Return to Origin","Easy","Không","Chưa","https://leetcode.com/problems/robot-return-to-origin/","String; Simulation"
"136","B","Duyệt, biến đổi và mô phỏng chuỗi","806","Number of Lines To Write String","Easy","Không","Chưa","https://leetcode.com/problems/number-of-lines-to-write-string/","Array; String"
"137","B","Duyệt, biến đổi và mô phỏng chuỗi","824","Goat Latin","Easy","Không","Chưa","https://leetcode.com/problems/goat-latin/","String"
"138","B","Duyệt, biến đổi và mô phỏng chuỗi","830","Positions of Large Groups","Easy","Không","Chưa","https://leetcode.com/problems/positions-of-large-groups/","String"
"139","B","Duyệt, biến đổi và mô phỏng chuỗi","944","Delete Columns to Make Sorted","Easy","Không","Chưa","https://leetcode.com/problems/delete-columns-to-make-sorted/","Array; String; Longest Increasing Subsequence"
"140","B","Duyệt, biến đổi và mô phỏng chuỗi","1078","Occurrences After Bigram","Easy","Không","Chưa","https://leetcode.com/problems/occurrences-after-bigram/","String"
"141","B","Duyệt, biến đổi và mô phỏng chuỗi","1119","Remove Vowels from a String","Easy","Có","Chưa","https://leetcode.com/problems/remove-vowels-from-a-string/","String"
"142","B","Duyệt, biến đổi và mô phỏng chuỗi","1374","Generate a String With Characters That Have Odd Counts","Easy","Không","Chưa","https://leetcode.com/problems/generate-a-string-with-characters-that-have-odd-counts/","String"
"143","B","Duyệt, biến đổi và mô phỏng chuỗi","1417","Reformat The String","Easy","Không","Chưa","https://leetcode.com/problems/reformat-the-string/","String"
"144","B","Duyệt, biến đổi và mô phỏng chuỗi","1422","Maximum Score After Splitting a String","Easy","Không","Chưa","https://leetcode.com/problems/maximum-score-after-splitting-a-string/","String; Prefix Sum"
"145","B","Duyệt, biến đổi và mô phỏng chuỗi","1446","Consecutive Characters","Easy","Không","Chưa","https://leetcode.com/problems/consecutive-characters/","String"
"146","B","Duyệt, biến đổi và mô phỏng chuỗi","1507","Reformat Date","Easy","Không","Chưa","https://leetcode.com/problems/reformat-date/","String"
"147","B","Duyệt, biến đổi và mô phỏng chuỗi","1528","Shuffle String","Easy","Không","Chưa","https://leetcode.com/problems/shuffle-string/","Array; String"
"148","B","Duyệt, biến đổi và mô phỏng chuỗi","1556","Thousand Separator","Easy","Không","Chưa","https://leetcode.com/problems/thousand-separator/","String"
"149","B","Duyệt, biến đổi và mô phỏng chuỗi","1576","Replace All ?'s to Avoid Consecutive Repeating Characters","Easy","Không","Chưa","https://leetcode.com/problems/replace-all-s-to-avoid-consecutive-repeating-characters/","String"
"150","B","Duyệt, biến đổi và mô phỏng chuỗi","1592","Rearrange Spaces Between Words","Easy","Không","Chưa","https://leetcode.com/problems/rearrange-spaces-between-words/","String"
"151","B","Duyệt, biến đổi và mô phỏng chuỗi","1629","Slowest Key","Easy","Không","Chưa","https://leetcode.com/problems/slowest-key/","Array; String"
"152","B","Duyệt, biến đổi và mô phỏng chuỗi","1694","Reformat Phone Number","Easy","Không","Chưa","https://leetcode.com/problems/reformat-phone-number/","String"
"153","B","Duyệt, biến đổi và mô phỏng chuỗi","1758","Minimum Changes To Make Alternating Binary String","Easy","Không","Chưa","https://leetcode.com/problems/minimum-changes-to-make-alternating-binary-string/","String"
"154","B","Duyệt, biến đổi và mô phỏng chuỗi","1773","Count Items Matching a Rule","Easy","Không","Chưa","https://leetcode.com/problems/count-items-matching-a-rule/","Array; String"
"155","B","Duyệt, biến đổi và mô phỏng chuỗi","1784","Check if Binary String Has at Most One Segment of Ones","Easy","Không","Chưa","https://leetcode.com/problems/check-if-binary-string-has-at-most-one-segment-of-ones/","String"
"156","B","Duyệt, biến đổi và mô phỏng chuỗi","1816","Truncate Sentence","Easy","Không","Chưa","https://leetcode.com/problems/truncate-sentence/","Array; String"
"157","B","Duyệt, biến đổi và mô phỏng chuỗi","1844","Replace All Digits with Characters","Easy","Không","Chưa","https://leetcode.com/problems/replace-all-digits-with-characters/","String"
"158","B","Duyệt, biến đổi và mô phỏng chuỗi","1869","Longer Contiguous Segments of Ones than Zeros","Easy","Không","Chưa","https://leetcode.com/problems/longer-contiguous-segments-of-ones-than-zeros/","String"
"159","B","Duyệt, biến đổi và mô phỏng chuỗi","1880","Check if Word Equals Summation of Two Words","Easy","Không","Chưa","https://leetcode.com/problems/check-if-word-equals-summation-of-two-words/","String"
"160","B","Duyệt, biến đổi và mô phỏng chuỗi","1933","Check if String Is Decomposable Into Value-Equal Substrings","Easy","Có","Chưa","https://leetcode.com/problems/check-if-string-is-decomposable-into-value-equal-substrings/","String"
"161","B","Duyệt, biến đổi và mô phỏng chuỗi","1945","Sum of Digits of String After Convert","Easy","Không","Chưa","https://leetcode.com/problems/sum-of-digits-of-string-after-convert/","String; Simulation"
"162","B","Duyệt, biến đổi và mô phỏng chuỗi","1957","Delete Characters to Make Fancy String","Easy","Không","Chưa","https://leetcode.com/problems/delete-characters-to-make-fancy-string/","String"
"163","B","Duyệt, biến đổi và mô phỏng chuỗi","1967","Number of Strings That Appear as Substrings in Word","Easy","Không","Có","https://leetcode.com/problems/number-of-strings-that-appear-as-substrings-in-word/","Array; String"
"164","B","Duyệt, biến đổi và mô phỏng chuỗi","2011","Final Value of Variable After Performing Operations","Easy","Không","Chưa","https://leetcode.com/problems/final-value-of-variable-after-performing-operations/","Array; String; Simulation"
"165","B","Duyệt, biến đổi và mô phỏng chuỗi","2042","Check if Numbers Are Ascending in a Sentence","Easy","Không","Chưa","https://leetcode.com/problems/check-if-numbers-are-ascending-in-a-sentence/","String"
"166","B","Duyệt, biến đổi và mô phỏng chuỗi","2047","Number of Valid Words in a Sentence","Easy","Không","Chưa","https://leetcode.com/problems/number-of-valid-words-in-a-sentence/","String"
"167","B","Duyệt, biến đổi và mô phỏng chuỗi","2114","Maximum Number of Words Found in Sentences","Easy","Không","Chưa","https://leetcode.com/problems/maximum-number-of-words-found-in-sentences/","Array; String"
"168","B","Duyệt, biến đổi và mô phỏng chuỗi","2124","Check if All A's Appears Before All B's","Easy","Không","Chưa","https://leetcode.com/problems/check-if-all-as-appears-before-all-bs/","String"
"169","B","Duyệt, biến đổi và mô phỏng chuỗi","2129","Capitalize the Title","Easy","Không","Chưa","https://leetcode.com/problems/capitalize-the-title/","String"
"170","B","Duyệt, biến đổi và mô phỏng chuỗi","2138","Divide a String Into Groups of Size k","Easy","Không","Có","https://leetcode.com/problems/divide-a-string-into-groups-of-size-k/","String; Simulation"
"171","B","Duyệt, biến đổi và mô phỏng chuỗi","2194","Cells in a Range on an Excel Sheet","Easy","Không","Chưa","https://leetcode.com/problems/cells-in-a-range-on-an-excel-sheet/","String"
"172","B","Duyệt, biến đổi và mô phỏng chuỗi","2243","Calculate Digit Sum of a String","Easy","Không","Chưa","https://leetcode.com/problems/calculate-digit-sum-of-a-string/","String; Simulation"
"173","B","Duyệt, biến đổi và mô phỏng chuỗi","2255","Count Prefixes of a Given String","Easy","Không","Chưa","https://leetcode.com/problems/count-prefixes-of-a-given-string/","Array; String"
"174","B","Duyệt, biến đổi và mô phỏng chuỗi","2264","Largest 3-Same-Digit Number in String","Easy","Không","Chưa","https://leetcode.com/problems/largest-3-same-digit-number-in-string/","String"
"175","B","Duyệt, biến đổi và mô phỏng chuỗi","2278","Percentage of Letter in String","Easy","Không","Chưa","https://leetcode.com/problems/percentage-of-letter-in-string/","String"
"176","B","Duyệt, biến đổi và mô phỏng chuỗi","2299","Strong Password Checker II","Easy","Không","Chưa","https://leetcode.com/problems/strong-password-checker-ii/","String"
"177","B","Duyệt, biến đổi và mô phỏng chuỗi","2315","Count Asterisks","Easy","Không","Chưa","https://leetcode.com/problems/count-asterisks/","String"
"178","B","Duyệt, biến đổi và mô phỏng chuỗi","2437","Number of Valid Clock Times","Easy","Không","Chưa","https://leetcode.com/problems/number-of-valid-clock-times/","String; Enumeration"
"179","B","Duyệt, biến đổi và mô phỏng chuỗi","2446","Determine if Two Events Have Conflict","Easy","Không","Chưa","https://leetcode.com/problems/determine-if-two-events-have-conflict/","Array; String"
"180","B","Duyệt, biến đổi và mô phỏng chuỗi","2490","Circular Sentence","Easy","Không","Chưa","https://leetcode.com/problems/circular-sentence/","String"
"181","B","Duyệt, biến đổi và mô phỏng chuỗi","2496","Maximum Value of a String in an Array","Easy","Không","Chưa","https://leetcode.com/problems/maximum-value-of-a-string-in-an-array/","Array; String"
"182","B","Duyệt, biến đổi và mô phỏng chuỗi","2515","Shortest Distance to Target String in a Circular Array","Easy","Không","Chưa","https://leetcode.com/problems/shortest-distance-to-target-string-in-a-circular-array/","Array; String"
"183","B","Duyệt, biến đổi và mô phỏng chuỗi","2609","Find the Longest Balanced Substring of a Binary String","Easy","Không","Chưa","https://leetcode.com/problems/find-the-longest-balanced-substring-of-a-binary-string/","String"
"184","B","Duyệt, biến đổi và mô phỏng chuỗi","2678","Number of Senior Citizens","Easy","Không","Chưa","https://leetcode.com/problems/number-of-senior-citizens/","Array; String"
"185","B","Duyệt, biến đổi và mô phỏng chuỗi","2710","Remove Trailing Zeros From a String","Easy","Không","Chưa","https://leetcode.com/problems/remove-trailing-zeros-from-a-string/","String"
"186","B","Duyệt, biến đổi và mô phỏng chuỗi","2788","Split Strings by Separator","Easy","Không","Chưa","https://leetcode.com/problems/split-strings-by-separator/","Array; String"
"187","B","Duyệt, biến đổi và mô phỏng chuỗi","2810","Faulty Keyboard","Easy","Không","Chưa","https://leetcode.com/problems/faulty-keyboard/","String; Simulation"
"188","B","Duyệt, biến đổi và mô phỏng chuỗi","2828","Check if a String Is an Acronym of Words","Easy","Không","Chưa","https://leetcode.com/problems/check-if-a-string-is-an-acronym-of-words/","Array; String"
"189","B","Duyệt, biến đổi và mô phỏng chuỗi","2839","Check if Strings Can be Made Equal With Operations I","Easy","Không","Chưa","https://leetcode.com/problems/check-if-strings-can-be-made-equal-with-operations-i/","String"
"190","B","Duyệt, biến đổi và mô phỏng chuỗi","2937","Make Three Strings Equal","Easy","Không","Chưa","https://leetcode.com/problems/make-three-strings-equal/","String"
"191","B","Duyệt, biến đổi và mô phỏng chuỗi","2942","Find Words Containing Character","Easy","Không","Chưa","https://leetcode.com/problems/find-words-containing-character/","Array; String"
"192","B","Duyệt, biến đổi và mô phỏng chuỗi","3019","Number of Changing Keys","Easy","Không","Chưa","https://leetcode.com/problems/number-of-changing-keys/","String"
"193","B","Duyệt, biến đổi và mô phỏng chuỗi","3110","Score of a String","Easy","Không","Chưa","https://leetcode.com/problems/score-of-a-string/","String"
"194","B","Duyệt, biến đổi và mô phỏng chuỗi","3114","Latest Time You Can Obtain After Replacing Characters","Easy","Không","Chưa","https://leetcode.com/problems/latest-time-you-can-obtain-after-replacing-characters/","String; Enumeration"
"195","B","Duyệt, biến đổi và mô phỏng chuỗi","3136","Valid Word","Easy","Không","Chưa","https://leetcode.com/problems/valid-word/","String"
"196","B","Duyệt, biến đổi và mô phỏng chuỗi","3168","Minimum Number of Chairs in a Waiting Room","Easy","Không","Chưa","https://leetcode.com/problems/minimum-number-of-chairs-in-a-waiting-room/","String; Simulation"
"197","B","Duyệt, biến đổi và mô phỏng chuỗi","3210","Find the Encrypted String","Easy","Không","Chưa","https://leetcode.com/problems/find-the-encrypted-string/","String"
"198","B","Duyệt, biến đổi và mô phỏng chuỗi","3248","Snake in Matrix","Easy","Không","Chưa","https://leetcode.com/problems/snake-in-matrix/","Array; String; Simulation"
"199","B","Duyệt, biến đổi và mô phỏng chuỗi","3330","Find the Original Typed String I","Easy","Không","Chưa","https://leetcode.com/problems/find-the-original-typed-string-i/","String"
"200","B","Duyệt, biến đổi và mô phỏng chuỗi","3340","Check Balanced String","Easy","Không","Chưa","https://leetcode.com/problems/check-balanced-string/","String"
"201","B","Duyệt, biến đổi và mô phỏng chuỗi","3456","Find Special Substring of Length K","Easy","Không","Chưa","https://leetcode.com/problems/find-special-substring-of-length-k/","String"
"202","B","Duyệt, biến đổi và mô phỏng chuỗi","3498","Reverse Degree of a String","Easy","Không","Có","https://leetcode.com/problems/reverse-degree-of-a-string/","String; Simulation"
"203","B","Duyệt, biến đổi và mô phỏng chuỗi","3571","Find the Shortest Superstring II","Easy","Có","Chưa","https://leetcode.com/problems/find-the-shortest-superstring-ii/","String"
"204","B","Duyệt, biến đổi và mô phỏng chuỗi","3582","Generate Tag for Video Caption","Easy","Không","Chưa","https://leetcode.com/problems/generate-tag-for-video-caption/","String; Simulation"
"205","B","Duyệt, biến đổi và mô phỏng chuỗi","3696","Maximum Distance Between Unequal Words in Array I","Easy","Có","Chưa","https://leetcode.com/problems/maximum-distance-between-unequal-words-in-array-i/","Array; String"
"206","B","Duyệt, biến đổi và mô phỏng chuỗi","3707","Equal Score Substrings","Easy","Không","Chưa","https://leetcode.com/problems/equal-score-substrings/","String; Prefix Sum"
"207","B","Duyệt, biến đổi và mô phỏng chuỗi","3798","Largest Even Number","Easy","Không","Chưa","https://leetcode.com/problems/largest-even-number/","String"
"208","B","Duyệt, biến đổi và mô phỏng chuỗi","3813","Vowel-Consonant Score","Easy","Không","Chưa","https://leetcode.com/problems/vowel-consonant-score/","String; Simulation"
"209","B","Duyệt, biến đổi và mô phỏng chuỗi","3838","Weighted Word Mapping","Easy","Không","Chưa","https://leetcode.com/problems/weighted-word-mapping/","Array; String; Simulation"
"210","B","Duyệt, biến đổi và mô phỏng chuỗi","3856","Trim Trailing Vowels","Easy","Không","Chưa","https://leetcode.com/problems/trim-trailing-vowels/","String"
"211","B","Duyệt, biến đổi và mô phỏng chuỗi","3921","Score Validator","Easy","Không","Chưa","https://leetcode.com/problems/score-validator/","Array; String; Simulation"
"212","B","Duyệt, biến đổi và mô phỏng chuỗi","3931","Check Adjacent Digit Differences","Easy","Không","Chưa","https://leetcode.com/problems/check-adjacent-digit-differences/","String"
"213","B","Duyệt, biến đổi và mô phỏng chuỗi","6","Zigzag Conversion","Medium","Không","Chưa","https://leetcode.com/problems/zigzag-conversion/","String"
"214","B","Duyệt, biến đổi và mô phỏng chuỗi","38","Count and Say","Medium","Không","Chưa","https://leetcode.com/problems/count-and-say/","String"
"215","B","Duyệt, biến đổi và mô phỏng chuỗi","245","Shortest Word Distance III","Medium","Có","Chưa","https://leetcode.com/problems/shortest-word-distance-iii/","Array; String"
"216","B","Duyệt, biến đổi và mô phỏng chuỗi","271","Encode and Decode Strings","Medium","Có","Chưa","https://leetcode.com/problems/encode-and-decode-strings/","Array; String; Design"
"217","B","Duyệt, biến đổi và mô phỏng chuỗi","468","Validate IP Address","Medium","Không","Chưa","https://leetcode.com/problems/validate-ip-address/","String"
"218","B","Duyệt, biến đổi và mô phỏng chuỗi","722","Remove Comments","Medium","Không","Chưa","https://leetcode.com/problems/remove-comments/","Array; String"
"219","B","Duyệt, biến đổi và mô phỏng chuỗi","831","Masking Personal Information","Medium","Không","Chưa","https://leetcode.com/problems/masking-personal-information/","String"
"220","B","Duyệt, biến đổi và mô phỏng chuỗi","848","Shifting Letters","Medium","Không","Chưa","https://leetcode.com/problems/shifting-letters/","Array; String; Prefix Sum"
"221","B","Duyệt, biến đổi và mô phỏng chuỗi","1236","Web Crawler","Medium","Có","Có","https://leetcode.com/problems/web-crawler/","String; Depth-First Search; Breadth-First Search; Interactive"
"222","B","Duyệt, biến đổi và mô phỏng chuỗi","1324","Print Words Vertically","Medium","Không","Chưa","https://leetcode.com/problems/print-words-vertically/","Array; String; Simulation"
"223","B","Duyệt, biến đổi và mô phỏng chuỗi","1625","Lexicographically Smallest String After Applying Operations","Medium","Không","Chưa","https://leetcode.com/problems/lexicographically-smallest-string-after-applying-operations/","String; Depth-First Search; Breadth-First Search; Enumeration"
"224","B","Duyệt, biến đổi và mô phỏng chuỗi","1769","Minimum Number of Operations to Move All Balls to Each Box","Medium","Không","Chưa","https://leetcode.com/problems/minimum-number-of-operations-to-move-all-balls-to-each-box/","Array; String; Prefix Sum"
"225","B","Duyệt, biến đổi và mô phỏng chuỗi","2075","Decode the Slanted Ciphertext","Medium","Không","Chưa","https://leetcode.com/problems/decode-the-slanted-ciphertext/","String; Simulation"
"226","B","Duyệt, biến đổi và mô phỏng chuỗi","2120","Execution of All Suffix Instructions Staying in a Grid","Medium","Không","Chưa","https://leetcode.com/problems/execution-of-all-suffix-instructions-staying-in-a-grid/","String; Simulation"
"227","B","Duyệt, biến đổi và mô phỏng chuỗi","2232","Minimize Result by Adding Parentheses to Expression","Medium","Không","Có","https://leetcode.com/problems/minimize-result-by-adding-parentheses-to-expression/","String; Enumeration"
"228","B","Duyệt, biến đổi và mô phỏng chuỗi","2288","Apply Discount to Prices","Medium","Không","Chưa","https://leetcode.com/problems/apply-discount-to-prices/","String"
"229","B","Duyệt, biến đổi và mô phỏng chuỗi","2381","Shifting Letters II","Medium","Không","Chưa","https://leetcode.com/problems/shifting-letters-ii/","Array; String; Prefix Sum"
"230","B","Duyệt, biến đổi và mô phỏng chuỗi","2391","Minimum Amount of Time to Collect Garbage","Medium","Không","Chưa","https://leetcode.com/problems/minimum-amount-of-time-to-collect-garbage/","Array; String; Prefix Sum"
"231","B","Duyệt, biến đổi và mô phỏng chuỗi","2414","Length of the Longest Alphabetical Continuous Substring","Medium","Không","Chưa","https://leetcode.com/problems/length-of-the-longest-alphabetical-continuous-substring/","String"
"232","B","Duyệt, biến đổi và mô phỏng chuỗi","2483","Minimum Penalty for a Shop","Medium","Không","Chưa","https://leetcode.com/problems/minimum-penalty-for-a-shop/","String; Prefix Sum"
"233","B","Duyệt, biến đổi và mô phỏng chuỗi","2559","Count Vowel Strings in Ranges","Medium","Không","Chưa","https://leetcode.com/problems/count-vowel-strings-in-ranges/","Array; String; Prefix Sum"
"234","B","Duyệt, biến đổi và mô phỏng chuỗi","2914","Minimum Number of Changes to Make Binary String Beautiful","Medium","Không","Chưa","https://leetcode.com/problems/minimum-number-of-changes-to-make-binary-string-beautiful/","String"
"235","B","Duyệt, biến đổi và mô phỏng chuỗi","3163","String Compression III","Medium","Không","Chưa","https://leetcode.com/problems/string-compression-iii/","String"
"236","B","Duyệt, biến đổi và mô phỏng chuỗi","3234","Count the Number of Substrings With Dominant Ones","Medium","Không","Chưa","https://leetcode.com/problems/count-the-number-of-substrings-with-dominant-ones/","String; Enumeration"
"237","B","Duyệt, biến đổi và mô phỏng chuỗi","3271","Hash Divided String","Medium","Không","Chưa","https://leetcode.com/problems/hash-divided-string/","String; Simulation"
"238","B","Duyệt, biến đổi và mô phỏng chuỗi","3324","Find the Sequence of Strings Appeared on the Screen","Medium","Không","Chưa","https://leetcode.com/problems/find-the-sequence-of-strings-appeared-on-the-screen/","String; Simulation"
"239","B","Duyệt, biến đổi và mô phỏng chuỗi","3361","Shift Distance Between Two Strings","Medium","Không","Chưa","https://leetcode.com/problems/shift-distance-between-two-strings/","Array; String; Prefix Sum"
"240","B","Duyệt, biến đổi và mô phỏng chuỗi","3499","Maximize Active Section with Trade I","Medium","Không","Có","https://leetcode.com/problems/maximize-active-section-with-trade-i/","String; Enumeration"
"241","B","Duyệt, biến đổi và mô phỏng chuỗi","3598","Longest Common Prefix Between Adjacent Strings After Removals","Medium","Không","Chưa","https://leetcode.com/problems/longest-common-prefix-between-adjacent-strings-after-removals/","Array; String"
"242","B","Duyệt, biến đổi và mô phỏng chuỗi","3612","Process String with Special Operations I","Medium","Không","Chưa","https://leetcode.com/problems/process-string-with-special-operations-i/","String; Simulation"
"243","B","Duyệt, biến đổi và mô phỏng chuỗi","3706","Maximum Distance Between Unequal Words in Array II","Medium","Có","Chưa","https://leetcode.com/problems/maximum-distance-between-unequal-words-in-array-ii/","Array; String"
"244","B","Duyệt, biến đổi và mô phỏng chuỗi","3744","Find Kth Character in Expanded String","Medium","Có","Chưa","https://leetcode.com/problems/find-kth-character-in-expanded-string/","String"
"245","B","Duyệt, biến đổi và mô phỏng chuỗi","3863","Minimum Operations to Sort a String","Medium","Không","Chưa","https://leetcode.com/problems/minimum-operations-to-sort-a-string/","String"
"246","B","Duyệt, biến đổi và mô phỏng chuỗi","3922","Minimum Flips to Make Binary String Coherent","Medium","Không","Chưa","https://leetcode.com/problems/minimum-flips-to-make-binary-string-coherent/","String"
"247","B","Duyệt, biến đổi và mô phỏng chuỗi","68","Text Justification","Hard","Không","Có","https://leetcode.com/problems/text-justification/","Array; String; Simulation"
"248","B","Duyệt, biến đổi và mô phỏng chuỗi","2468","Split Message Based on Limit","Hard","Không","Chưa","https://leetcode.com/problems/split-message-based-on-limit/","String; Enumeration"
"249","B","Duyệt, biến đổi và mô phỏng chuỗi","3614","Process String with Special Operations II","Hard","Không","Chưa","https://leetcode.com/problems/process-string-with-special-operations-ii/","String; Simulation"
"250","B","Đếm ký tự, Hash Map và anagram","266","Palindrome Permutation","Easy","Có","Chưa","https://leetcode.com/problems/palindrome-permutation/","Hash Table; String; Bit Manipulation"
"251","B","Đếm ký tự, Hash Map và anagram","500","Keyboard Row","Easy","Không","Chưa","https://leetcode.com/problems/keyboard-row/","Array; Hash Table; String"
"252","B","Đếm ký tự, Hash Map và anagram","599","Minimum Index Sum of Two Lists","Easy","Không","Chưa","https://leetcode.com/problems/minimum-index-sum-of-two-lists/","Array; Hash Table; String"
"253","B","Đếm ký tự, Hash Map và anagram","734","Sentence Similarity","Easy","Có","Có","https://leetcode.com/problems/sentence-similarity/","Array; Hash Table; String"
"254","B","Đếm ký tự, Hash Map và anagram","748","Shortest Completing Word","Easy","Không","Chưa","https://leetcode.com/problems/shortest-completing-word/","Array; Hash Table; String"
"255","B","Đếm ký tự, Hash Map và anagram","804","Unique Morse Code Words","Easy","Không","Có","https://leetcode.com/problems/unique-morse-code-words/","Array; Hash Table; String"
"256","B","Đếm ký tự, Hash Map và anagram","819","Most Common Word","Easy","Không","Chưa","https://leetcode.com/problems/most-common-word/","Array; Hash Table; String; Counting"
"257","B","Đếm ký tự, Hash Map và anagram","859","Buddy Strings","Easy","Không","Chưa","https://leetcode.com/problems/buddy-strings/","Hash Table; String"
"258","B","Đếm ký tự, Hash Map và anagram","884","Uncommon Words from Two Sentences","Easy","Không","Chưa","https://leetcode.com/problems/uncommon-words-from-two-sentences/","Hash Table; String; Counting"
"259","B","Đếm ký tự, Hash Map và anagram","929","Unique Email Addresses","Easy","Không","Chưa","https://leetcode.com/problems/unique-email-addresses/","Array; Hash Table; String"
"260","B","Đếm ký tự, Hash Map và anagram","953","Verifying an Alien Dictionary","Easy","Không","Chưa","https://leetcode.com/problems/verifying-an-alien-dictionary/","Array; Hash Table; String"
"261","B","Đếm ký tự, Hash Map và anagram","1002","Find Common Characters","Easy","Không","Chưa","https://leetcode.com/problems/find-common-characters/","Array; Hash Table; String"
"262","B","Đếm ký tự, Hash Map và anagram","1160","Find Words That Can Be Formed by Characters","Easy","Không","Chưa","https://leetcode.com/problems/find-words-that-can-be-formed-by-characters/","Array; Hash Table; String; Counting"
"263","B","Đếm ký tự, Hash Map và anagram","1165","Single-Row Keyboard","Easy","Có","Chưa","https://leetcode.com/problems/single-row-keyboard/","Hash Table; String"
"264","B","Đếm ký tự, Hash Map và anagram","1189","Maximum Number of Balloons","Easy","Không","Chưa","https://leetcode.com/problems/maximum-number-of-balloons/","Hash Table; String; Counting"
"265","B","Đếm ký tự, Hash Map và anagram","1370","Increasing Decreasing String","Easy","Không","Chưa","https://leetcode.com/problems/increasing-decreasing-string/","Hash Table; String; Counting"
"266","B","Đếm ký tự, Hash Map và anagram","1436","Destination City","Easy","Không","Chưa","https://leetcode.com/problems/destination-city/","Array; Hash Table; String"
"267","B","Đếm ký tự, Hash Map và anagram","1496","Path Crossing","Easy","Không","Chưa","https://leetcode.com/problems/path-crossing/","Hash Table; String"
"268","B","Đếm ký tự, Hash Map và anagram","1624","Largest Substring Between Two Equal Characters","Easy","Không","Chưa","https://leetcode.com/problems/largest-substring-between-two-equal-characters/","Hash Table; String"
"269","B","Đếm ký tự, Hash Map và anagram","1684","Count the Number of Consistent Strings","Easy","Không","Chưa","https://leetcode.com/problems/count-the-number-of-consistent-strings/","Array; Hash Table; String; Bit Manipulation; Counting"
"270","B","Đếm ký tự, Hash Map và anagram","1704","Determine if String Halves Are Alike","Easy","Không","Chưa","https://leetcode.com/problems/determine-if-string-halves-are-alike/","String; Counting"
"271","B","Đếm ký tự, Hash Map và anagram","1790","Check if One String Swap Can Make Strings Equal","Easy","Không","Chưa","https://leetcode.com/problems/check-if-one-string-swap-can-make-strings-equal/","Hash Table; String; Counting"
"272","B","Đếm ký tự, Hash Map và anagram","1796","Second Largest Digit in a String","Easy","Không","Chưa","https://leetcode.com/problems/second-largest-digit-in-a-string/","Hash Table; String"
"273","B","Đếm ký tự, Hash Map và anagram","1805","Number of Different Integers in a String","Easy","Không","Chưa","https://leetcode.com/problems/number-of-different-integers-in-a-string/","Hash Table; String"
"274","B","Đếm ký tự, Hash Map và anagram","1832","Check if the Sentence Is Pangram","Easy","Không","Chưa","https://leetcode.com/problems/check-if-the-sentence-is-pangram/","Hash Table; String"
"275","B","Đếm ký tự, Hash Map và anagram","1897","Redistribute Characters to Make All Strings Equal","Easy","Không","Chưa","https://leetcode.com/problems/redistribute-characters-to-make-all-strings-equal/","Hash Table; String; Counting"
"276","B","Đếm ký tự, Hash Map và anagram","1935","Maximum Number of Words You Can Type","Easy","Không","Chưa","https://leetcode.com/problems/maximum-number-of-words-you-can-type/","Hash Table; String"
"277","B","Đếm ký tự, Hash Map và anagram","1941","Check if All Characters Have Equal Number of Occurrences","Easy","Không","Chưa","https://leetcode.com/problems/check-if-all-characters-have-equal-number-of-occurrences/","Hash Table; String; Counting"
"278","B","Đếm ký tự, Hash Map và anagram","2053","Kth Distinct String in an Array","Easy","Không","Chưa","https://leetcode.com/problems/kth-distinct-string-in-an-array/","Array; Hash Table; String; Counting"
"279","B","Đếm ký tự, Hash Map và anagram","2062","Count Vowel Substrings of a String","Easy","Không","Chưa","https://leetcode.com/problems/count-vowel-substrings-of-a-string/","Hash Table; String"
"280","B","Đếm ký tự, Hash Map và anagram","2068","Check Whether Two Strings are Almost Equivalent","Easy","Không","Chưa","https://leetcode.com/problems/check-whether-two-strings-are-almost-equivalent/","Hash Table; String; Counting"
"281","B","Đếm ký tự, Hash Map và anagram","2085","Count Common Words With One Occurrence","Easy","Không","Chưa","https://leetcode.com/problems/count-common-words-with-one-occurrence/","Array; Hash Table; String; Counting"
"282","B","Đếm ký tự, Hash Map và anagram","2103","Rings and Rods","Easy","Không","Chưa","https://leetcode.com/problems/rings-and-rods/","Hash Table; String"
"283","B","Đếm ký tự, Hash Map và anagram","2283","Check if Number Has Equal Digit Count and Digit Value","Easy","Không","Chưa","https://leetcode.com/problems/check-if-number-has-equal-digit-count-and-digit-value/","Hash Table; String; Counting"
"284","B","Đếm ký tự, Hash Map và anagram","2287","Rearrange Characters to Make Target String","Easy","Không","Chưa","https://leetcode.com/problems/rearrange-characters-to-make-target-string/","Hash Table; String; Counting"
"285","B","Đếm ký tự, Hash Map và anagram","2309","Greatest English Letter in Upper and Lower Case","Easy","Không","Chưa","https://leetcode.com/problems/greatest-english-letter-in-upper-and-lower-case/","Hash Table; String; Enumeration"
"286","B","Đếm ký tự, Hash Map và anagram","2325","Decode the Message","Easy","Không","Chưa","https://leetcode.com/problems/decode-the-message/","Hash Table; String"
"287","B","Đếm ký tự, Hash Map và anagram","2351","First Letter to Appear Twice","Easy","Không","Chưa","https://leetcode.com/problems/first-letter-to-appear-twice/","Hash Table; String; Bit Manipulation; Counting"
"288","B","Đếm ký tự, Hash Map và anagram","2399","Check Distances Between Same Letters","Easy","Không","Chưa","https://leetcode.com/problems/check-distances-between-same-letters/","Array; Hash Table; String"
"289","B","Đếm ký tự, Hash Map và anagram","2423","Remove Letter To Equalize Frequency","Easy","Không","Chưa","https://leetcode.com/problems/remove-letter-to-equalize-frequency/","Hash Table; String; Counting"
"290","B","Đếm ký tự, Hash Map và anagram","2451","Odd String Difference","Easy","Không","Chưa","https://leetcode.com/problems/odd-string-difference/","Array; Hash Table; String"
"291","B","Đếm ký tự, Hash Map và anagram","2506","Count Pairs Of Similar Strings","Easy","Không","Chưa","https://leetcode.com/problems/count-pairs-of-similar-strings/","Array; Hash Table; String; Bit Manipulation; Counting"
"292","B","Đếm ký tự, Hash Map và anagram","2586","Count the Number of Vowel Strings in Range","Easy","Không","Chưa","https://leetcode.com/problems/count-the-number-of-vowel-strings-in-range/","Array; String; Counting"
"293","B","Đếm ký tự, Hash Map và anagram","2716","Minimize String Length","Easy","Không","Chưa","https://leetcode.com/problems/minimize-string-length/","Hash Table; String"
"294","B","Đếm ký tự, Hash Map và anagram","2744","Find Maximum Number of String Pairs","Easy","Không","Chưa","https://leetcode.com/problems/find-maximum-number-of-string-pairs/","Array; Hash Table; String; Simulation"
"295","B","Đếm ký tự, Hash Map và anagram","2833","Furthest Point From Origin","Easy","Không","Chưa","https://leetcode.com/problems/furthest-point-from-origin/","String; Counting"
"296","B","Đếm ký tự, Hash Map và anagram","3083","Existence of a Substring in a String and Its Reverse","Easy","Không","Chưa","https://leetcode.com/problems/existence-of-a-substring-in-a-string-and-its-reverse/","Hash Table; String"
"297","B","Đếm ký tự, Hash Map và anagram","3120","Count the Number of Special Characters I","Easy","Không","Chưa","https://leetcode.com/problems/count-the-number-of-special-characters-i/","Hash Table; String"
"298","B","Đếm ký tự, Hash Map và anagram","3146","Permutation Difference between Two Strings","Easy","Không","Chưa","https://leetcode.com/problems/permutation-difference-between-two-strings/","Hash Table; String"
"299","B","Đếm ký tự, Hash Map và anagram","3438","Find Valid Pair of Adjacent Digits in String","Easy","Không","Chưa","https://leetcode.com/problems/find-valid-pair-of-adjacent-digits-in-string/","Hash Table; String; Counting"
"300","B","Đếm ký tự, Hash Map và anagram","3442","Maximum Difference Between Even and Odd Frequency I","Easy","Không","Chưa","https://leetcode.com/problems/maximum-difference-between-even-and-odd-frequency-i/","Hash Table; String; Counting"
"301","B","Đếm ký tự, Hash Map và anagram","3541","Find Most Frequent Vowel and Consonant","Easy","Không","Chưa","https://leetcode.com/problems/find-most-frequent-vowel-and-consonant/","Hash Table; String; Counting"
"302","B","Đếm ký tự, Hash Map và anagram","3581","Count Odd Letters from Number","Easy","Có","Chưa","https://leetcode.com/problems/count-odd-letters-from-number/","Hash Table; String; Simulation; Counting"
"303","B","Đếm ký tự, Hash Map và anagram","3662","Filter Characters by Frequency","Easy","Có","Chưa","https://leetcode.com/problems/filter-characters-by-frequency/","Hash Table; String; Counting"
"304","B","Đếm ký tự, Hash Map và anagram","3692","Majority Frequency Characters","Easy","Không","Chưa","https://leetcode.com/problems/majority-frequency-characters/","Hash Table; String; Counting"
"305","B","Đếm ký tự, Hash Map và anagram","3803","Count Residue Prefixes","Easy","Không","Chưa","https://leetcode.com/problems/count-residue-prefixes/","Hash Table; String"
"306","B","Đếm ký tự, Hash Map và anagram","4006","Count Valid Prefixes","Easy","Không","Chưa","https://leetcode.com/problems/count-valid-prefixes/","String; Counting"
"307","B","Đếm ký tự, Hash Map và anagram","166","Fraction to Recurring Decimal","Medium","Không","Chưa","https://leetcode.com/problems/fraction-to-recurring-decimal/","Hash Table; Math; String"
"308","B","Đếm ký tự, Hash Map và anagram","249","Group Shifted Strings","Medium","Có","Chưa","https://leetcode.com/problems/group-shifted-strings/","Array; Hash Table; String"
"309","B","Đếm ký tự, Hash Map và anagram","288","Unique Word Abbreviation","Medium","Có","Chưa","https://leetcode.com/problems/unique-word-abbreviation/","Array; Hash Table; String; Design"
"310","B","Đếm ký tự, Hash Map và anagram","299","Bulls and Cows","Medium","Không","Chưa","https://leetcode.com/problems/bulls-and-cows/","Hash Table; String; Counting"
"311","B","Đếm ký tự, Hash Map và anagram","423","Reconstruct Original Digits from English","Medium","Không","Chưa","https://leetcode.com/problems/reconstruct-original-digits-from-english/","Hash Table; Math; String"
"312","B","Đếm ký tự, Hash Map và anagram","433","Minimum Genetic Mutation","Medium","Không","Chưa","https://leetcode.com/problems/minimum-genetic-mutation/","Hash Table; String; Breadth-First Search; Bidirectional Search"
"313","B","Đếm ký tự, Hash Map và anagram","535","Encode and Decode TinyURL","Medium","Không","Chưa","https://leetcode.com/problems/encode-and-decode-tinyurl/","Hash Table; String; Design; Hash Function"
"314","B","Đếm ký tự, Hash Map và anagram","609","Find Duplicate File in System","Medium","Không","Chưa","https://leetcode.com/problems/find-duplicate-file-in-system/","Array; Hash Table; String"
"315","B","Đếm ký tự, Hash Map và anagram","635","Design Log Storage System","Medium","Có","Có","https://leetcode.com/problems/design-log-storage-system/","Hash Table; String; Design; Ordered Set"
"316","B","Đếm ký tự, Hash Map và anagram","752","Open the Lock","Medium","Không","Có","https://leetcode.com/problems/open-the-lock/","Array; Hash Table; String; Breadth-First Search; Bidirectional Search"
"317","B","Đếm ký tự, Hash Map và anagram","811","Subdomain Visit Count","Medium","Không","Chưa","https://leetcode.com/problems/subdomain-visit-count/","Array; Hash Table; String; Counting"
"318","B","Đếm ký tự, Hash Map và anagram","890","Find and Replace Pattern","Medium","Không","Chưa","https://leetcode.com/problems/find-and-replace-pattern/","Array; Hash Table; String"
"319","B","Đếm ký tự, Hash Map và anagram","916","Word Subsets","Medium","Không","Chưa","https://leetcode.com/problems/word-subsets/","Array; Hash Table; String"
"320","B","Đếm ký tự, Hash Map và anagram","966","Vowel Spellchecker","Medium","Không","Chưa","https://leetcode.com/problems/vowel-spellchecker/","Array; Hash Table; String"
"321","B","Đếm ký tự, Hash Map và anagram","981","Time Based Key-Value Store","Medium","Không","Chưa","https://leetcode.com/problems/time-based-key-value-store/","Hash Table; String; Binary Search; Design"
"322","B","Đếm ký tự, Hash Map và anagram","1138","Alphabet Board Path","Medium","Không","Chưa","https://leetcode.com/problems/alphabet-board-path/","Hash Table; String"
"323","B","Đếm ký tự, Hash Map và anagram","1177","Can Make Palindrome from Substring","Medium","Không","Chưa","https://leetcode.com/problems/can-make-palindrome-from-substring/","Array; Hash Table; String; Bit Manipulation; Prefix Sum"
"324","B","Đếm ký tự, Hash Map và anagram","1347","Minimum Number of Steps to Make Two Strings Anagram","Medium","Không","Chưa","https://leetcode.com/problems/minimum-number-of-steps-to-make-two-strings-anagram/","Hash Table; String; Counting"
"325","B","Đếm ký tự, Hash Map và anagram","1371","Find the Longest Substring Containing Vowels in Even Counts","Medium","Không","Chưa","https://leetcode.com/problems/find-the-longest-substring-containing-vowels-in-even-counts/","Hash Table; String; Bit Manipulation; Prefix Sum"
"326","B","Đếm ký tự, Hash Map và anagram","1396","Design Underground System","Medium","Không","Chưa","https://leetcode.com/problems/design-underground-system/","Hash Table; String; Design"
"327","B","Đếm ký tự, Hash Map và anagram","1419","Minimum Number of Frogs Croaking","Medium","Không","Chưa","https://leetcode.com/problems/minimum-number-of-frogs-croaking/","String; Counting"
"328","B","Đếm ký tự, Hash Map và anagram","1452","People Whose List of Favorite Companies Is Not a Subset of Another List","Medium","Không","Chưa","https://leetcode.com/problems/people-whose-list-of-favorite-companies-is-not-a-subset-of-another-list/","Array; Hash Table; String"
"329","B","Đếm ký tự, Hash Map và anagram","1487","Making File Names Unique","Medium","Không","Chưa","https://leetcode.com/problems/making-file-names-unique/","Array; Hash Table; String"
"330","B","Đếm ký tự, Hash Map và anagram","1540","Can Convert String in K Moves","Medium","Không","Chưa","https://leetcode.com/problems/can-convert-string-in-k-moves/","Hash Table; String"
"331","B","Đếm ký tự, Hash Map và anagram","1737","Change Minimum Characters to Satisfy One of Three Conditions","Medium","Không","Chưa","https://leetcode.com/problems/change-minimum-characters-to-satisfy-one-of-three-conditions/","Hash Table; String; Counting; Prefix Sum"
"332","B","Đếm ký tự, Hash Map và anagram","1781","Sum of Beauty of All Substrings","Medium","Không","Chưa","https://leetcode.com/problems/sum-of-beauty-of-all-substrings/","Hash Table; String; Counting"
"333","B","Đếm ký tự, Hash Map và anagram","1807","Evaluate the Bracket Pairs of a String","Medium","Không","Chưa","https://leetcode.com/problems/evaluate-the-bracket-pairs-of-a-string/","Array; Hash Table; String"
"334","B","Đếm ký tự, Hash Map và anagram","1915","Number of Wonderful Substrings","Medium","Không","Chưa","https://leetcode.com/problems/number-of-wonderful-substrings/","Hash Table; String; Bit Manipulation; Prefix Sum"
"335","B","Đếm ký tự, Hash Map và anagram","1930","Unique Length-3 Palindromic Subsequences","Medium","Không","Chưa","https://leetcode.com/problems/unique-length-3-palindromic-subsequences/","Hash Table; String; Bit Manipulation; Prefix Sum"
"336","B","Đếm ký tự, Hash Map và anagram","2023","Number of Pairs of Strings With Concatenation Equal to Target","Medium","Không","Chưa","https://leetcode.com/problems/number-of-pairs-of-strings-with-concatenation-equal-to-target/","Array; Hash Table; String; Counting"
"337","B","Đếm ký tự, Hash Map và anagram","2083","Substrings That Begin and End With the Same Letter","Medium","Có","Chưa","https://leetcode.com/problems/substrings-that-begin-and-end-with-the-same-letter/","Hash Table; Math; String; Counting; Prefix Sum"
"338","B","Đếm ký tự, Hash Map và anagram","2166","Design Bitset","Medium","Không","Chưa","https://leetcode.com/problems/design-bitset/","Array; Hash Table; String; Design"
"339","B","Đếm ký tự, Hash Map và anagram","2186","Minimum Number of Steps to Make Two Strings Anagram II","Medium","Không","Chưa","https://leetcode.com/problems/minimum-number-of-steps-to-make-two-strings-anagram-ii/","Hash Table; String; Counting"
"340","B","Đếm ký tự, Hash Map và anagram","2284","Sender With Largest Word Count","Medium","Không","Chưa","https://leetcode.com/problems/sender-with-largest-word-count/","Array; Hash Table; String; Counting"
"341","B","Đếm ký tự, Hash Map và anagram","2408","Design SQL","Medium","Không","Chưa","https://leetcode.com/problems/design-sql/","Array; Hash Table; String; Design"
"342","B","Đếm ký tự, Hash Map và anagram","2489","Number of Substrings With Fixed Ratio","Medium","Có","Chưa","https://leetcode.com/problems/number-of-substrings-with-fixed-ratio/","Hash Table; Math; String; Prefix Sum"
"343","B","Đếm ký tự, Hash Map và anagram","2531","Make Number of Distinct Characters Equal","Medium","Không","Chưa","https://leetcode.com/problems/make-number-of-distinct-characters-equal/","Hash Table; String; Counting"
"344","B","Đếm ký tự, Hash Map và anagram","2539","Count the Number of Good Subsequences","Medium","Có","Chưa","https://leetcode.com/problems/count-the-number-of-good-subsequences/","Hash Table; Math; String; Combinatorics; Counting"
"345","B","Đếm ký tự, Hash Map và anagram","2564","Substring XOR Queries","Medium","Không","Chưa","https://leetcode.com/problems/substring-xor-queries/","Array; Hash Table; String; Bit Manipulation"
"346","B","Đếm ký tự, Hash Map và anagram","2947","Count Beautiful Substrings I","Medium","Không","Chưa","https://leetcode.com/problems/count-beautiful-substrings-i/","Hash Table; Math; String; Enumeration; Number Theory; Prefix Sum"
"347","B","Đếm ký tự, Hash Map và anagram","2950","Number of Divisible Substrings","Medium","Có","Chưa","https://leetcode.com/problems/number-of-divisible-substrings/","Hash Table; String; Counting; Prefix Sum"
"348","B","Đếm ký tự, Hash Map và anagram","2955","Number of Same-End Substrings","Medium","Có","Chưa","https://leetcode.com/problems/number-of-same-end-substrings/","Array; Hash Table; String; Counting; Prefix Sum"
"349","B","Đếm ký tự, Hash Map và anagram","3078","Match Alphanumerical Pattern in Matrix I","Medium","Có","Chưa","https://leetcode.com/problems/match-alphanumerical-pattern-in-matrix-i/","Array; Hash Table; String; Matrix"
"350","B","Đếm ký tự, Hash Map và anagram","3084","Count Substrings Starting and Ending with Given Character","Medium","Không","Chưa","https://leetcode.com/problems/count-substrings-starting-and-ending-with-given-character/","Math; String; Counting"
"351","B","Đếm ký tự, Hash Map và anagram","3121","Count the Number of Special Characters II","Medium","Không","Có","https://leetcode.com/problems/count-the-number-of-special-characters-ii/","Hash Table; String"
"352","B","Đếm ký tự, Hash Map và anagram","3137","Minimum Number of Operations to Make Word K-Periodic","Medium","Không","Chưa","https://leetcode.com/problems/minimum-number-of-operations-to-make-word-k-periodic/","Hash Table; String; Counting"
"353","B","Đếm ký tự, Hash Map và anagram","3138","Minimum Length of Anagram Concatenation","Medium","Không","Chưa","https://leetcode.com/problems/minimum-length-of-anagram-concatenation/","Hash Table; String; Counting"
"354","B","Đếm ký tự, Hash Map và anagram","3223","Minimum Length of String After Operations","Medium","Không","Chưa","https://leetcode.com/problems/minimum-length-of-string-after-operations/","Hash Table; String; Counting"
"355","B","Đếm ký tự, Hash Map và anagram","3295","Report Spam Message","Medium","Không","Chưa","https://leetcode.com/problems/report-spam-message/","Array; Hash Table; String"
"356","B","Đếm ký tự, Hash Map và anagram","3443","Maximum Manhattan Distance After K Changes","Medium","Không","Chưa","https://leetcode.com/problems/maximum-manhattan-distance-after-k-changes/","Hash Table; Math; String; Counting"
"357","B","Đếm ký tự, Hash Map và anagram","3484","Design Spreadsheet","Medium","Không","Chưa","https://leetcode.com/problems/design-spreadsheet/","Array; Hash Table; String; Design; Matrix"
"358","B","Đếm ký tự, Hash Map và anagram","3522","Calculate Score After Performing Instructions","Medium","Không","Chưa","https://leetcode.com/problems/calculate-score-after-performing-instructions/","Array; Hash Table; String; Simulation"
"359","B","Đếm ký tự, Hash Map và anagram","3527","Find the Most Common Response","Medium","Không","Chưa","https://leetcode.com/problems/find-the-most-common-response/","Array; Hash Table; String; Counting"
"360","B","Đếm ký tự, Hash Map và anagram","3664","Two-Letter Card Game","Medium","Không","Chưa","https://leetcode.com/problems/two-letter-card-game/","Array; Hash Table; String; Counting; Enumeration"
"361","B","Đếm ký tự, Hash Map và anagram","3713","Longest Balanced Substring I","Medium","Không","Chưa","https://leetcode.com/problems/longest-balanced-substring-i/","Hash Table; String; Counting; Enumeration"
"362","B","Đếm ký tự, Hash Map và anagram","3714","Longest Balanced Substring II","Medium","Không","Chưa","https://leetcode.com/problems/longest-balanced-substring-ii/","Hash Table; String; Prefix Sum"
"363","B","Đếm ký tự, Hash Map và anagram","3760","Maximum Substrings With Distinct Start","Medium","Không","Chưa","https://leetcode.com/problems/maximum-substrings-with-distinct-start/","Hash Table; String"
"364","B","Đếm ký tự, Hash Map và anagram","3773","Maximum Number of Equal Length Runs","Medium","Có","Chưa","https://leetcode.com/problems/maximum-number-of-equal-length-runs/","Hash Table; String; Counting"
"365","B","Đếm ký tự, Hash Map và anagram","3784","Minimum Deletion Cost to Make All Characters Equal","Medium","Không","Chưa","https://leetcode.com/problems/minimum-deletion-cost-to-make-all-characters-equal/","Array; Hash Table; String; Enumeration"
"366","B","Đếm ký tự, Hash Map và anagram","3805","Count Caesar Cipher Pairs","Medium","Không","Chưa","https://leetcode.com/problems/count-caesar-cipher-pairs/","Array; Hash Table; Math; String; Counting"
"367","B","Đếm ký tự, Hash Map và anagram","3839","Number of Prefix Connected Groups","Medium","Không","Chưa","https://leetcode.com/problems/number-of-prefix-connected-groups/","Array; Hash Table; String; Counting"
"368","B","Đếm ký tự, Hash Map và anagram","3846","Total Distance to Type a String Using One Finger","Medium","Có","Chưa","https://leetcode.com/problems/total-distance-to-type-a-string-using-one-finger/","Hash Table; String"
"369","B","Đếm ký tự, Hash Map và anagram","3853","Merge Close Characters","Medium","Không","Chưa","https://leetcode.com/problems/merge-close-characters/","Hash Table; String; Simulation"
"370","B","Đếm ký tự, Hash Map và anagram","3860","Unique Email Groups","Medium","Có","Chưa","https://leetcode.com/problems/unique-email-groups/","Array; Hash Table; String"
"371","B","Đếm ký tự, Hash Map và anagram","3889","Mirror Frequency Distance","Medium","Không","Chưa","https://leetcode.com/problems/mirror-frequency-distance/","Hash Table; String; Counting"
"372","B","Đếm ký tự, Hash Map và anagram","3900","Longest Balanced Substring After One Swap","Medium","Không","Chưa","https://leetcode.com/problems/longest-balanced-substring-after-one-swap/","Hash Table; String; Prefix Sum"
"373","B","Đếm ký tự, Hash Map và anagram","3926","Count Valid Word Occurrences","Medium","Không","Chưa","https://leetcode.com/problems/count-valid-word-occurrences/","Array; Hash Table; String; Counting"
"374","B","Đếm ký tự, Hash Map và anagram","3941","Password Strength","Medium","Không","Chưa","https://leetcode.com/problems/password-strength/","Hash Table; String"
"375","B","Đếm ký tự, Hash Map và anagram","3968","Maximum Manhattan Distance After All Moves","Medium","Không","Chưa","https://leetcode.com/problems/maximum-manhattan-distance-after-all-moves/","Math; String; Counting"
"376","B","Đếm ký tự, Hash Map và anagram","4019","Merge Close Characters II","Medium","Có","Chưa","https://leetcode.com/problems/merge-close-characters-ii/","Hash Table; String"
"377","B","Đếm ký tự, Hash Map và anagram","127","Word Ladder","Hard","Không","Có","https://leetcode.com/problems/word-ladder/","Hash Table; String; Breadth-First Search; Bidirectional Search"
"378","B","Đếm ký tự, Hash Map và anagram","854","K-Similar Strings","Hard","Không","Chưa","https://leetcode.com/problems/k-similar-strings/","Hash Table; String; Breadth-First Search"
"379","B","Đếm ký tự, Hash Map và anagram","1542","Find Longest Awesome Substring","Hard","Không","Chưa","https://leetcode.com/problems/find-longest-awesome-substring/","Hash Table; String; Bit Manipulation"
"380","B","Đếm ký tự, Hash Map và anagram","1830","Minimum Number of Operations to Make String Sorted","Hard","Không","Chưa","https://leetcode.com/problems/minimum-number-of-operations-to-make-string-sorted/","Hash Table; Math; String; Combinatorics; Counting; Fermat's Little Theorem"
"381","B","Đếm ký tự, Hash Map và anagram","2306","Naming a Company","Hard","Không","Chưa","https://leetcode.com/problems/naming-a-company/","Array; Hash Table; String; Bit Manipulation; Enumeration"
"382","B","Đếm ký tự, Hash Map và anagram","2514","Count Anagrams","Hard","Không","Chưa","https://leetcode.com/problems/count-anagrams/","Hash Table; Math; String; Combinatorics; Counting; Fermat's Little Theorem"
"383","B","Đếm ký tự, Hash Map và anagram","2949","Count Beautiful Substrings II","Hard","Không","Chưa","https://leetcode.com/problems/count-beautiful-substrings-ii/","Hash Table; Math; String; Number Theory; Prefix Sum"
"384","B","Đếm ký tự, Hash Map và anagram","2983","Palindrome Rearrangement Queries","Hard","Không","Chưa","https://leetcode.com/problems/palindrome-rearrangement-queries/","Array; Hash Table; String; Prefix Sum"
"385","B","Đếm ký tự, Hash Map và anagram","3279","Maximum Total Area Occupied by Pistons","Hard","Có","Chưa","https://leetcode.com/problems/maximum-total-area-occupied-by-pistons/","Array; Hash Table; String; Simulation; Counting; Prefix Sum"
"386","B","Two pointers và subsequence","246","Strobogrammatic Number","Easy","Có","Có","https://leetcode.com/problems/strobogrammatic-number/","Hash Table; Two Pointers; String"
"387","B","Two pointers và subsequence","408","Valid Word Abbreviation","Easy","Có","Chưa","https://leetcode.com/problems/valid-word-abbreviation/","Two Pointers; String"
"388","B","Two pointers và subsequence","696","Count Binary Substrings","Easy","Không","Chưa","https://leetcode.com/problems/count-binary-substrings/","Two Pointers; String"
"389","B","Two pointers và subsequence","821","Shortest Distance to a Character","Easy","Không","Chưa","https://leetcode.com/problems/shortest-distance-to-a-character/","Array; Two Pointers; String"
"390","B","Two pointers và subsequence","925","Long Pressed Name","Easy","Không","Chưa","https://leetcode.com/problems/long-pressed-name/","Two Pointers; String"
"391","B","Two pointers và subsequence","1332","Remove Palindromic Subsequences","Easy","Không","Chưa","https://leetcode.com/problems/remove-palindromic-subsequences/","Two Pointers; String"
"392","B","Two pointers và subsequence","1961","Check If String Is a Prefix of Array","Easy","Không","Chưa","https://leetcode.com/problems/check-if-string-is-a-prefix-of-array/","Array; Two Pointers; String"
"393","B","Two pointers và subsequence","2108","Find First Palindromic String in the Array","Easy","Không","Chưa","https://leetcode.com/problems/find-first-palindromic-string-in-the-array/","Array; Two Pointers; String"
"394","B","Two pointers và subsequence","3750","Minimum Number of Flips to Reverse Binary String","Easy","Không","Chưa","https://leetcode.com/problems/minimum-number-of-flips-to-reverse-binary-string/","Math; Two Pointers; String; Bit Manipulation"
"395","B","Two pointers và subsequence","3794","Reverse String Prefix","Easy","Không","Chưa","https://leetcode.com/problems/reverse-string-prefix/","Two Pointers; String"
"396","B","Two pointers và subsequence","3823","Reverse Letters Then Special Characters in a String","Easy","Không","Chưa","https://leetcode.com/problems/reverse-letters-then-special-characters-in-a-string/","Two Pointers; String; Simulation"
"397","B","Two pointers và subsequence","3884","First Matching Character From Both Ends","Easy","Không","Chưa","https://leetcode.com/problems/first-matching-character-from-both-ends/","Two Pointers; String"
"398","B","Two pointers và subsequence","4030","Check ASCII Palindromic","Easy","Không","Chưa","https://leetcode.com/problems/check-ascii-palindromic/","Two Pointers; String; Bit Manipulation"
"399","B","Two pointers và subsequence","161","One Edit Distance","Medium","Có","Chưa","https://leetcode.com/problems/one-edit-distance/","Two Pointers; String"
"400","B","Two pointers và subsequence","165","Compare Version Numbers","Medium","Không","Chưa","https://leetcode.com/problems/compare-version-numbers/","Two Pointers; String"
"401","B","Two pointers và subsequence","186","Reverse Words in a String II","Medium","Có","Chưa","https://leetcode.com/problems/reverse-words-in-a-string-ii/","Two Pointers; String"
"402","B","Two pointers và subsequence","244","Shortest Word Distance II","Medium","Có","Chưa","https://leetcode.com/problems/shortest-word-distance-ii/","Array; Hash Table; Two Pointers; String; Design"
"403","B","Two pointers và subsequence","481","Magical String","Medium","Không","Chưa","https://leetcode.com/problems/magical-string/","Two Pointers; String"
"404","B","Two pointers và subsequence","556","Next Greater Element III","Medium","Không","Chưa","https://leetcode.com/problems/next-greater-element-iii/","Math; Two Pointers; String"
"405","B","Two pointers và subsequence","777","Swap Adjacent in LR String","Medium","Không","Có","https://leetcode.com/problems/swap-adjacent-in-lr-string/","Two Pointers; String"
"406","B","Two pointers và subsequence","809","Expressive Words","Medium","Không","Chưa","https://leetcode.com/problems/expressive-words/","Array; Two Pointers; String"
"407","B","Two pointers và subsequence","1616","Split Two Strings to Make Palindrome","Medium","Không","Chưa","https://leetcode.com/problems/split-two-strings-to-make-palindrome/","Two Pointers; String"
"408","B","Two pointers và subsequence","1813","Sentence Similarity III","Medium","Không","Chưa","https://leetcode.com/problems/sentence-similarity-iii/","Array; Two Pointers; String"
"409","B","Two pointers và subsequence","1898","Maximum Number of Removable Characters","Medium","Không","Chưa","https://leetcode.com/problems/maximum-number-of-removable-characters/","Array; Two Pointers; String; Binary Search"
"410","B","Two pointers và subsequence","2109","Adding Spaces to a String","Medium","Không","Chưa","https://leetcode.com/problems/adding-spaces-to-a-string/","Array; Two Pointers; String; Simulation"
"411","B","Two pointers và subsequence","2330","Valid Palindrome IV","Medium","Có","Chưa","https://leetcode.com/problems/valid-palindrome-iv/","Two Pointers; String"
"412","B","Two pointers và subsequence","2337","Move Pieces to Obtain a String","Medium","Không","Chưa","https://leetcode.com/problems/move-pieces-to-obtain-a-string/","Two Pointers; String"
"413","B","Two pointers và subsequence","2825","Make String a Subsequence Using Cyclic Increments","Medium","Không","Chưa","https://leetcode.com/problems/make-string-a-subsequence-using-cyclic-increments/","Two Pointers; String"
"414","B","Two pointers và subsequence","3403","Find the Lexicographically Largest String From the Box I","Medium","Không","Chưa","https://leetcode.com/problems/find-the-lexicographically-largest-string-from-the-box-i/","Two Pointers; String; Enumeration"
"415","B","Two pointers và subsequence","3460","Longest Common Prefix After at Most One Removal","Medium","Có","Chưa","https://leetcode.com/problems/longest-common-prefix-after-at-most-one-removal/","Two Pointers; String"
"416","B","Two pointers và subsequence","3775","Reverse Words With Same Vowel Count","Medium","Không","Chưa","https://leetcode.com/problems/reverse-words-with-same-vowel-count/","Two Pointers; String; Simulation"
"417","B","Two pointers và subsequence","3983","Subsequence After One Replacement","Medium","Không","Chưa","https://leetcode.com/problems/subsequence-after-one-replacement/","Two Pointers; String"
"418","B","Two pointers và subsequence","1163","Last Substring in Lexicographical Order","Hard","Không","Chưa","https://leetcode.com/problems/last-substring-in-lexicographical-order/","Two Pointers; String; Lyndon Factorization"
"419","B","Two pointers và subsequence","1842","Next Palindrome Using Same Digits","Hard","Có","Chưa","https://leetcode.com/problems/next-palindrome-using-same-digits/","Two Pointers; String"
"420","B","Two pointers và subsequence","2565","Subsequence With the Minimum Score","Hard","Không","Chưa","https://leetcode.com/problems/subsequence-with-the-minimum-score/","Two Pointers; String; Binary Search"
"421","B","Two pointers và subsequence","3406","Find the Lexicographically Largest String From the Box II","Hard","Có","Chưa","https://leetcode.com/problems/find-the-lexicographically-largest-string-from-the-box-ii/","Two Pointers; String"
"422","B","Two pointers và subsequence","3734","Lexicographically Smallest Palindromic Permutation Greater Than Target","Hard","Không","Có","https://leetcode.com/problems/lexicographically-smallest-palindromic-permutation-greater-than-target/","Two Pointers; String; Enumeration"
"423","B","Two pointers và subsequence","3999","Minimum Number of String Groups Through Transformations","Hard","Không","Chưa","https://leetcode.com/problems/minimum-number-of-string-groups-through-transformations/","Hash Table; Two Pointers; String"
"424","B","Sliding window và substring","1763","Longest Nice Substring","Easy","Không","Chưa","https://leetcode.com/problems/longest-nice-substring/","Hash Table; String; Divide and Conquer; Bit Manipulation; Sliding Window"
"425","B","Sliding window và substring","2269","Find the K-Beauty of a Number","Easy","Không","Chưa","https://leetcode.com/problems/find-the-k-beauty-of-a-number/","Math; String; Sliding Window"
"426","B","Sliding window và substring","2379","Minimum Recolors to Get K Consecutive Black Blocks","Easy","Không","Chưa","https://leetcode.com/problems/minimum-recolors-to-get-k-consecutive-black-blocks/","String; Sliding Window"
"427","B","Sliding window và substring","3090","Maximum Length Substring With Two Occurrences","Easy","Không","Có","https://leetcode.com/problems/maximum-length-substring-with-two-occurrences/","Hash Table; String; Sliding Window"
"428","B","Sliding window và substring","3258","Count Substrings That Satisfy K-Constraint I","Easy","Không","Chưa","https://leetcode.com/problems/count-substrings-that-satisfy-k-constraint-i/","String; Sliding Window"
"429","B","Sliding window và substring","4043","Count Rotations With Exactly K Equal Adjacent Pairs","Easy","Không","Chưa","https://leetcode.com/problems/count-rotations-with-exactly-k-equal-adjacent-pairs/","String; Sliding Window; Enumeration"
"430","B","Sliding window và substring","395","Longest Substring with At Least K Repeating Characters","Medium","Không","Chưa","https://leetcode.com/problems/longest-substring-with-at-least-k-repeating-characters/","Hash Table; String; Divide and Conquer; Sliding Window"
"431","B","Sliding window và substring","1016","Binary String With Substrings Representing 1 To N","Medium","Không","Chưa","https://leetcode.com/problems/binary-string-with-substrings-representing-1-to-n/","Hash Table; String; Bit Manipulation; Sliding Window"
"432","B","Sliding window và substring","1100","Find K-Length Substrings With No Repeated Characters","Medium","Có","Có","https://leetcode.com/problems/find-k-length-substrings-with-no-repeated-characters/","Hash Table; String; Sliding Window"
"433","B","Sliding window và substring","1156","Swap For Longest Repeated Character Substring","Medium","Không","Chưa","https://leetcode.com/problems/swap-for-longest-repeated-character-substring/","Hash Table; String; Sliding Window"
"434","B","Sliding window và substring","1208","Get Equal Substrings Within Budget","Medium","Không","Có","https://leetcode.com/problems/get-equal-substrings-within-budget/","String; Binary Search; Sliding Window; Prefix Sum"
"435","B","Sliding window và substring","1234","Replace the Substring for Balanced String","Medium","Không","Có","https://leetcode.com/problems/replace-the-substring-for-balanced-string/","String; Sliding Window"
"436","B","Sliding window và substring","1297","Maximum Number of Occurrences of a Substring","Medium","Không","Chưa","https://leetcode.com/problems/maximum-number-of-occurrences-of-a-substring/","Hash Table; String; Sliding Window"
"437","B","Sliding window và substring","1839","Longest Substring Of All Vowels in Order","Medium","Không","Chưa","https://leetcode.com/problems/longest-substring-of-all-vowels-in-order/","String; Sliding Window"
"438","B","Sliding window và substring","1871","Jump Game VII","Medium","Không","Chưa","https://leetcode.com/problems/jump-game-vii/","String; Dynamic Programming; Sliding Window; Prefix Sum"
"439","B","Sliding window và substring","1888","Minimum Number of Flips to Make the Binary String Alternating","Medium","Không","Chưa","https://leetcode.com/problems/minimum-number-of-flips-to-make-the-binary-string-alternating/","String; Dynamic Programming; Sliding Window"
"440","B","Sliding window và substring","2024","Maximize the Confusion of an Exam","Medium","Không","Có","https://leetcode.com/problems/maximize-the-confusion-of-an-exam/","String; Binary Search; Sliding Window; Prefix Sum"
"441","B","Sliding window và substring","2067","Number of Equal Count Substrings","Medium","Có","Chưa","https://leetcode.com/problems/number-of-equal-count-substrings/","Hash Table; String; Sliding Window; Counting"
"442","B","Sliding window và substring","2516","Take K of Each Character From Left and Right","Medium","Không","Chưa","https://leetcode.com/problems/take-k-of-each-character-from-left-and-right/","Hash Table; String; Sliding Window"
"443","B","Sliding window và substring","2730","Find the Longest Semi-Repetitive Substring","Medium","Không","Chưa","https://leetcode.com/problems/find-the-longest-semi-repetitive-substring/","String; Sliding Window"
"444","B","Sliding window và substring","2743","Count Substrings Without Repeating Character","Medium","Có","Chưa","https://leetcode.com/problems/count-substrings-without-repeating-character/","Hash Table; String; Sliding Window"
"445","B","Sliding window và substring","2904","Shortest and Lexicographically Smallest Beautiful String","Medium","Không","Có","https://leetcode.com/problems/shortest-and-lexicographically-smallest-beautiful-string/","String; Sliding Window"
"446","B","Sliding window và substring","2981","Find Longest Special Substring That Occurs Thrice I","Medium","Không","Chưa","https://leetcode.com/problems/find-longest-special-substring-that-occurs-thrice-i/","Hash Table; String; Binary Search; Sliding Window; Counting"
"447","B","Sliding window và substring","2982","Find Longest Special Substring That Occurs Thrice II","Medium","Không","Chưa","https://leetcode.com/problems/find-longest-special-substring-that-occurs-thrice-ii/","Hash Table; String; Binary Search; Sliding Window; Counting"
"448","B","Sliding window và substring","3135","Equalize Strings by Adding or Removing Characters at Ends","Medium","Có","Chưa","https://leetcode.com/problems/equalize-strings-by-adding-or-removing-characters-at-ends/","String; Binary Search; Dynamic Programming; Sliding Window; Hash Function"
"449","B","Sliding window và substring","3297","Count Substrings That Can Be Rearranged to Contain a String I","Medium","Không","Chưa","https://leetcode.com/problems/count-substrings-that-can-be-rearranged-to-contain-a-string-i/","Hash Table; String; Sliding Window"
"450","B","Sliding window và substring","3305","Count of Substrings Containing Every Vowel and K Consonants I","Medium","Không","Chưa","https://leetcode.com/problems/count-of-substrings-containing-every-vowel-and-k-consonants-i/","Hash Table; String; Sliding Window"
"451","B","Sliding window và substring","3325","Count Substrings With K-Frequency Characters I","Medium","Không","Chưa","https://leetcode.com/problems/count-substrings-with-k-frequency-characters-i/","Hash Table; String; Sliding Window"
"452","B","Sliding window và substring","3694","Distinct Points Reachable After Substring Removal","Medium","Không","Chưa","https://leetcode.com/problems/distinct-points-reachable-after-substring-removal/","Hash Table; String; Sliding Window; Prefix Sum"
"453","B","Sliding window và substring","727","Minimum Window Subsequence","Hard","Có","Chưa","https://leetcode.com/problems/minimum-window-subsequence/","String; Dynamic Programming; Sliding Window"
"454","B","Sliding window và substring","2156","Find Substring With Given Hash Value","Hard","Không","Chưa","https://leetcode.com/problems/find-substring-with-given-hash-value/","String; Sliding Window; Rolling Hash; Hash Function"
"455","B","Sliding window và substring","2781","Length of the Longest Valid Substring","Hard","Không","Chưa","https://leetcode.com/problems/length-of-the-longest-valid-substring/","Array; Hash Table; String; Sliding Window"
"456","B","Sliding window và substring","2953","Count Complete Substrings","Hard","Không","Chưa","https://leetcode.com/problems/count-complete-substrings/","Hash Table; String; Sliding Window"
"457","B","Sliding window và substring","3261","Count Substrings That Satisfy K-Constraint II","Hard","Không","Chưa","https://leetcode.com/problems/count-substrings-that-satisfy-k-constraint-ii/","Array; String; Binary Search; Sliding Window; Prefix Sum"
"458","B","Sliding window và substring","3298","Count Substrings That Can Be Rearranged to Contain a String II","Hard","Không","Chưa","https://leetcode.com/problems/count-substrings-that-can-be-rearranged-to-contain-a-string-ii/","Hash Table; String; Sliding Window"
"459","B","Sliding window và substring","3329","Count Substrings With K-Frequency Characters II","Hard","Có","Chưa","https://leetcode.com/problems/count-substrings-with-k-frequency-characters-ii/","Hash Table; String; Sliding Window"
"460","B","Sliding window và substring","3445","Maximum Difference Between Even and Odd Frequency II","Hard","Không","Chưa","https://leetcode.com/problems/maximum-difference-between-even-and-odd-frequency-ii/","String; Sliding Window; Enumeration; Prefix Sum"
"461","B","Stack, ngoặc và xóa ký tự","1544","Make The String Great","Easy","Không","Chưa","https://leetcode.com/problems/make-the-string-great/","String; Stack"
"462","B","Stack, ngoặc và xóa ký tự","1598","Crawler Log Folder","Easy","Không","Có","https://leetcode.com/problems/crawler-log-folder/","Array; String; Stack"
"463","B","Stack, ngoặc và xóa ký tự","1614","Maximum Nesting Depth of the Parentheses","Easy","Không","Có","https://leetcode.com/problems/maximum-nesting-depth-of-the-parentheses/","String; Stack; Bracket Sequences"
"464","B","Stack, ngoặc và xóa ký tự","2000","Reverse Prefix of Word","Easy","Không","Chưa","https://leetcode.com/problems/reverse-prefix-of-word/","Two Pointers; String; Stack"
"465","B","Stack, ngoặc và xóa ký tự","2696","Minimum String Length After Removing Substrings","Easy","Không","Chưa","https://leetcode.com/problems/minimum-string-length-after-removing-substrings/","String; Stack; Simulation"
"466","B","Stack, ngoặc và xóa ký tự","3174","Clear Digits","Easy","Không","Chưa","https://leetcode.com/problems/clear-digits/","String; Stack; Simulation"
"467","B","Stack, ngoặc và xóa ký tự","388","Longest Absolute File Path","Medium","Không","Chưa","https://leetcode.com/problems/longest-absolute-file-path/","String; Stack; Depth-First Search"
"468","B","Stack, ngoặc và xóa ký tự","484","Find Permutation","Medium","Có","Chưa","https://leetcode.com/problems/find-permutation/","Array; String; Stack; Greedy"
"469","B","Stack, ngoặc và xóa ký tự","880","Decoded String at Index","Medium","Không","Chưa","https://leetcode.com/problems/decoded-string-at-index/","String; Stack"
"470","B","Stack, ngoặc và xóa ký tự","1087","Brace Expansion","Medium","Có","Chưa","https://leetcode.com/problems/brace-expansion/","String; Backtracking; Stack; Breadth-First Search; Sorting"
"471","B","Stack, ngoặc và xóa ký tự","1111","Maximum Nesting Depth of Two Valid Parentheses Strings","Medium","Không","Có","https://leetcode.com/problems/maximum-nesting-depth-of-two-valid-parentheses-strings/","String; Stack; Bracket Sequences"
"472","B","Stack, ngoặc và xóa ký tự","1653","Minimum Deletions to Make String Balanced","Medium","Không","Chưa","https://leetcode.com/problems/minimum-deletions-to-make-string-balanced/","String; Dynamic Programming; Stack"
"473","B","Stack, ngoặc và xóa ký tự","1717","Maximum Score From Removing Substrings","Medium","Không","Chưa","https://leetcode.com/problems/maximum-score-from-removing-substrings/","String; Stack; Greedy"
"474","B","Stack, ngoặc và xóa ký tự","1910","Remove All Occurrences of a Substring","Medium","Không","Chưa","https://leetcode.com/problems/remove-all-occurrences-of-a-substring/","String; Stack; Simulation"
"475","B","Stack, ngoặc và xóa ký tự","1963","Minimum Number of Swaps to Make the String Balanced","Medium","Không","Có","https://leetcode.com/problems/minimum-number-of-swaps-to-make-the-string-balanced/","Two Pointers; String; Stack; Greedy; Bracket Sequences"
"476","B","Stack, ngoặc và xóa ký tự","2211","Count Collisions on a Road","Medium","Không","Chưa","https://leetcode.com/problems/count-collisions-on-a-road/","String; Stack; Simulation"
"477","B","Stack, ngoặc và xóa ký tự","2375","Construct Smallest Number From DI String","Medium","Không","Chưa","https://leetcode.com/problems/construct-smallest-number-from-di-string/","String; Backtracking; Stack; Greedy"
"478","B","Stack, ngoặc và xóa ký tự","2390","Removing Stars From a String","Medium","Không","Chưa","https://leetcode.com/problems/removing-stars-from-a-string/","String; Stack; Simulation"
"479","B","Stack, ngoặc và xóa ký tự","2645","Minimum Additions to Make Valid String","Medium","Không","Chưa","https://leetcode.com/problems/minimum-additions-to-make-valid-string/","String; Dynamic Programming; Stack; Greedy"
"480","B","Stack, ngoặc và xóa ký tự","3170","Lexicographically Minimum String After Removing Stars","Medium","Không","Có","https://leetcode.com/problems/lexicographically-minimum-string-after-removing-stars/","Hash Table; String; Stack; Greedy; Heap (Priority Queue)"
"481","B","Stack, ngoặc và xóa ký tự","3412","Find Mirror Score of a String","Medium","Không","Chưa","https://leetcode.com/problems/find-mirror-score-of-a-string/","Hash Table; String; Stack; Simulation"
"482","B","Stack, ngoặc và xóa ký tự","3561","Resulting String After Adjacent Removals","Medium","Không","Chưa","https://leetcode.com/problems/resulting-string-after-adjacent-removals/","String; Stack; Simulation"
"483","B","Stack, ngoặc và xóa ký tự","3703","Remove K-Balanced Substrings","Medium","Không","Chưa","https://leetcode.com/problems/remove-k-balanced-substrings/","String; Stack; Simulation"
"484","B","Stack, ngoặc và xóa ký tự","3746","Minimum String Length After Balanced Removals","Medium","Không","Chưa","https://leetcode.com/problems/minimum-string-length-after-balanced-removals/","String; Stack; Counting"
"485","B","Stack, ngoặc và xóa ký tự","488","Zuma Game","Hard","Không","Chưa","https://leetcode.com/problems/zuma-game/","String; Dynamic Programming; Stack; Breadth-First Search; Memoization"
"486","B","Stack, ngoặc và xóa ký tự","591","Tag Validator","Hard","Không","Chưa","https://leetcode.com/problems/tag-validator/","String; Stack"
"487","B","Stack, ngoặc và xóa ký tự","936","Stamping The Sequence","Hard","Không","Chưa","https://leetcode.com/problems/stamping-the-sequence/","String; Stack; Greedy; Queue"
"488","B","Stack, ngoặc và xóa ký tự","1896","Minimum Cost to Change the Final Value of Expression","Hard","Không","Chưa","https://leetcode.com/problems/minimum-cost-to-change-the-final-value-of-expression/","Math; String; Dynamic Programming; Stack"
"489","B","Stack, ngoặc và xóa ký tự","2019","The Score of Students Solving Math Expression","Hard","Không","Chưa","https://leetcode.com/problems/the-score-of-students-solving-math-expression/","Array; Hash Table; Math; String; Dynamic Programming; Stack; Memoization"
"490","B","Stack, ngoặc và xóa ký tự","2030","Smallest K-Length Subsequence With Occurrences of a Letter","Hard","Không","Có","https://leetcode.com/problems/smallest-k-length-subsequence-with-occurrences-of-a-letter/","String; Stack; Greedy; Monotonic Stack"
"491","B","Stack, ngoặc và xóa ký tự","2296","Design a Text Editor","Hard","Không","Chưa","https://leetcode.com/problems/design-a-text-editor/","Linked List; String; Stack; Design; Simulation; Doubly-Linked List"
"492","B","Stack, ngoặc và xóa ký tự","3749","Evaluate Valid Expressions","Hard","Có","Chưa","https://leetcode.com/problems/evaluate-valid-expressions/","Hash Table; Math; String; Divide and Conquer; Stack"
"493","B","Stack, ngoặc và xóa ký tự","3816","Lexicographically Smallest String After Deleting Duplicate Characters","Hard","Không","Chưa","https://leetcode.com/problems/lexicographically-smallest-string-after-deleting-duplicate-characters/","Hash Table; String; Stack; Greedy; Monotonic Stack"
"494","B","Parsing, số lớn và biểu thức","168","Excel Sheet Column Title","Easy","Không","Chưa","https://leetcode.com/problems/excel-sheet-column-title/","Math; String"
"495","B","Parsing, số lớn và biểu thức","171","Excel Sheet Column Number","Easy","Không","Chưa","https://leetcode.com/problems/excel-sheet-column-number/","Math; String"
"496","B","Parsing, số lớn và biểu thức","405","Convert a Number to Hexadecimal","Easy","Không","Chưa","https://leetcode.com/problems/convert-a-number-to-hexadecimal/","Math; String; Bit Manipulation"
"497","B","Parsing, số lớn và biểu thức","412","Fizz Buzz","Easy","Không","Chưa","https://leetcode.com/problems/fizz-buzz/","Math; String; Simulation"
"498","B","Parsing, số lớn và biểu thức","504","Base 7","Easy","Không","Chưa","https://leetcode.com/problems/base-7/","Math; String"
"499","B","Parsing, số lớn và biểu thức","800","Similar RGB Color","Easy","Có","Chưa","https://leetcode.com/problems/similar-rgb-color/","Math; String; Enumeration"
"500","B","Parsing, số lớn và biểu thức","1071","Greatest Common Divisor of Strings","Easy","Không","Chưa","https://leetcode.com/problems/greatest-common-divisor-of-strings/","Math; String; Euclidean Algorithm; Greatest Common Divisor"
"501","B","Parsing, số lớn và biểu thức","1154","Day of the Year","Easy","Không","Chưa","https://leetcode.com/problems/day-of-the-year/","Math; String"
"502","B","Parsing, số lớn và biểu thức","1180","Count Substrings with Only One Distinct Letter","Easy","Có","Chưa","https://leetcode.com/problems/count-substrings-with-only-one-distinct-letter/","Math; String"
"503","B","Parsing, số lớn và biểu thức","1271","Hexspeak","Easy","Có","Chưa","https://leetcode.com/problems/hexspeak/","Math; String"
"504","B","Parsing, số lớn và biểu thức","1309","Decrypt String from Alphabet to Integer Mapping","Easy","Không","Chưa","https://leetcode.com/problems/decrypt-string-from-alphabet-to-integer-mapping/","String"
"505","B","Parsing, số lớn và biểu thức","1360","Number of Days Between Two Dates","Easy","Không","Chưa","https://leetcode.com/problems/number-of-days-between-two-dates/","Math; String"
"506","B","Parsing, số lớn và biểu thức","1427","Perform String Shifts","Easy","Có","Chưa","https://leetcode.com/problems/perform-string-shifts/","Array; Math; String"
"507","B","Parsing, số lớn và biểu thức","1812","Determine Color of a Chessboard Square","Easy","Không","Chưa","https://leetcode.com/problems/determine-color-of-a-chessboard-square/","Math; String"
"508","B","Parsing, số lớn và biểu thức","2409","Count Days Spent Together","Easy","Không","Chưa","https://leetcode.com/problems/count-days-spent-together/","Math; String"
"509","B","Parsing, số lớn và biểu thức","3274","Check if Two Chessboard Squares Have the Same Color","Easy","Không","Chưa","https://leetcode.com/problems/check-if-two-chessboard-squares-have-the-same-color/","Math; String"
"510","B","Parsing, số lớn và biểu thức","3280","Convert Date to Binary","Easy","Không","Chưa","https://leetcode.com/problems/convert-date-to-binary/","Math; String"
"511","B","Parsing, số lớn và biểu thức","3461","Check If Digits Are Equal in String After Operations I","Easy","Không","Chưa","https://leetcode.com/problems/check-if-digits-are-equal-in-string-after-operations-i/","Math; String; Simulation; Combinatorics; Number Theory"
"512","B","Parsing, số lớn và biểu thức","3602","Hexadecimal and Hexatrigesimal Conversion","Easy","Không","Chưa","https://leetcode.com/problems/hexadecimal-and-hexatrigesimal-conversion/","Math; String"
"513","B","Parsing, số lớn và biểu thức","3894","Traffic Signal Color","Easy","Không","Chưa","https://leetcode.com/problems/traffic-signal-color/","Math; String; Simulation"
"514","B","Parsing, số lớn và biểu thức","3986","Number of Elapsed Seconds Between Two Times","Easy","Không","Chưa","https://leetcode.com/problems/number-of-elapsed-seconds-between-two-times/","Math; String"
"515","B","Parsing, số lớn và biểu thức","318","Maximum Product of Word Lengths","Medium","Không","Có","https://leetcode.com/problems/maximum-product-of-word-lengths/","Array; String; Bit Manipulation"
"516","B","Parsing, số lớn và biểu thức","385","Mini Parser","Medium","Không","Chưa","https://leetcode.com/problems/mini-parser/","String; Stack; Depth-First Search"
"517","B","Parsing, số lớn và biểu thức","439","Ternary Expression Parser","Medium","Có","Chưa","https://leetcode.com/problems/ternary-expression-parser/","String; Stack; Recursion"
"518","B","Parsing, số lớn và biểu thức","537","Complex Number Multiplication","Medium","Không","Chưa","https://leetcode.com/problems/complex-number-multiplication/","Math; String; Simulation"
"519","B","Parsing, số lớn và biểu thức","592","Fraction Addition and Subtraction","Medium","Không","Chưa","https://leetcode.com/problems/fraction-addition-and-subtraction/","Math; String; Simulation; Euclidean Algorithm; Greatest Common Divisor"
"520","B","Parsing, số lớn và biểu thức","640","Solve the Equation","Medium","Không","Chưa","https://leetcode.com/problems/solve-the-equation/","Math; String; Simulation; Linear Algebra"
"521","B","Parsing, số lớn và biểu thức","751","IP to CIDR","Medium","Có","Chưa","https://leetcode.com/problems/ip-to-cidr/","String; Bit Manipulation"
"522","B","Parsing, số lớn và biểu thức","1003","Check If Word Is Valid After Substitutions","Medium","Không","Chưa","https://leetcode.com/problems/check-if-word-is-valid-after-substitutions/","String; Stack"
"523","B","Parsing, số lớn và biểu thức","1041","Robot Bounded In Circle","Medium","Không","Chưa","https://leetcode.com/problems/robot-bounded-in-circle/","Math; String; Simulation"
"524","B","Parsing, số lớn và biểu thức","1256","Encode Number","Medium","Có","Chưa","https://leetcode.com/problems/encode-number/","Math; String; Bit Manipulation"
"525","B","Parsing, số lớn và biểu thức","1404","Number of Steps to Reduce a Number in Binary Representation to One","Medium","Không","Có","https://leetcode.com/problems/number-of-steps-to-reduce-a-number-in-binary-representation-to-one/","String; Bit Manipulation; Simulation"
"526","B","Parsing, số lớn và biểu thức","1410","HTML Entity Parser","Medium","Không","Chưa","https://leetcode.com/problems/html-entity-parser/","Hash Table; String"
"527","B","Parsing, số lớn và biểu thức","1447","Simplified Fractions","Medium","Không","Chưa","https://leetcode.com/problems/simplified-fractions/","Math; String; Number Theory; Euclidean Algorithm; Greatest Common Divisor"
"528","B","Parsing, số lớn và biểu thức","1513","Number of Substrings With Only 1s","Medium","Không","Chưa","https://leetcode.com/problems/number-of-substrings-with-only-1s/","Math; String"
"529","B","Parsing, số lớn và biểu thức","1573","Number of Ways to Split a String","Medium","Không","Chưa","https://leetcode.com/problems/number-of-ways-to-split-a-string/","Math; String"
"530","B","Parsing, số lớn và biểu thức","1759","Count Number of Homogenous Substrings","Medium","Không","Chưa","https://leetcode.com/problems/count-number-of-homogenous-substrings/","Math; String"
"531","B","Parsing, số lớn và biểu thức","1904","The Number of Full Rounds You Have Played","Medium","Không","Chưa","https://leetcode.com/problems/the-number-of-full-rounds-you-have-played/","Math; String"
"532","B","Parsing, số lớn và biểu thức","2125","Number of Laser Beams in a Bank","Medium","Không","Chưa","https://leetcode.com/problems/number-of-laser-beams-in-a-bank/","Array; Math; String; Matrix"
"533","B","Parsing, số lớn và biểu thức","2450","Number of Distinct Binary Strings After Applying Operations","Medium","Có","Chưa","https://leetcode.com/problems/number-of-distinct-binary-strings-after-applying-operations/","Math; String"
"534","B","Parsing, số lớn và biểu thức","2546","Apply Bitwise Operations to Make Strings Equal","Medium","Không","Chưa","https://leetcode.com/problems/apply-bitwise-operations-to-make-strings-equal/","String; Bit Manipulation"
"535","B","Parsing, số lớn và biểu thức","2575","Find the Divisibility Array of a String","Medium","Không","Chưa","https://leetcode.com/problems/find-the-divisibility-array-of-a-string/","Array; Math; String"
"536","B","Parsing, số lớn và biểu thức","2802","Find The K-th Lucky Number","Medium","Có","Chưa","https://leetcode.com/problems/find-the-k-th-lucky-number/","Math; String; Bit Manipulation"
"537","B","Parsing, số lớn và biểu thức","3756","Concatenate Non-Zero Digits and Multiply by Sum II","Medium","Không","Có","https://leetcode.com/problems/concatenate-non-zero-digits-and-multiply-by-sum-ii/","Math; String; Prefix Sum"
"538","B","Parsing, số lớn và biểu thức","3817","Good Indices in a Digit String","Medium","Có","Chưa","https://leetcode.com/problems/good-indices-in-a-digit-string/","Math; String"
"539","B","Parsing, số lớn và biểu thức","4021","Minimum Operations to Make a Rotated Palindrome I","Medium","Không","Chưa","https://leetcode.com/problems/minimum-operations-to-make-a-rotated-palindrome-i/","Math; String; Enumeration"
"540","B","Parsing, số lớn và biểu thức","273","Integer to English Words","Hard","Không","Chưa","https://leetcode.com/problems/integer-to-english-words/","Math; String; Recursion"
"541","B","Parsing, số lớn và biểu thức","564","Find the Closest Palindrome","Hard","Không","Chưa","https://leetcode.com/problems/find-the-closest-palindrome/","Math; String"
"542","B","Parsing, số lớn và biểu thức","736","Parse Lisp Expression","Hard","Không","Chưa","https://leetcode.com/problems/parse-lisp-expression/","Hash Table; String; Stack; Recursion"
"543","B","Parsing, số lớn và biểu thức","772","Basic Calculator III","Hard","Có","Có","https://leetcode.com/problems/basic-calculator-iii/","Math; String; Stack; Recursion"
"544","B","Parsing, số lớn và biểu thức","906","Super Palindromes","Hard","Không","Chưa","https://leetcode.com/problems/super-palindromes/","Math; String; Enumeration"
"545","B","Parsing, số lớn và biểu thức","972","Equal Rational Numbers","Hard","Không","Chưa","https://leetcode.com/problems/equal-rational-numbers/","Math; String"
"546","B","Parsing, số lớn và biểu thức","1106","Parsing A Boolean Expression","Hard","Không","Chưa","https://leetcode.com/problems/parsing-a-boolean-expression/","String; Stack; Recursion"
"547","B","Parsing, số lớn và biểu thức","3463","Check If Digits Are Equal in String After Operations II","Hard","Không","Chưa","https://leetcode.com/problems/check-if-digits-are-equal-in-string-after-operations-ii/","Math; String; Combinatorics; Number Theory"
"548","B","Parsing, số lớn và biểu thức","4028","Minimum Operations to Make a Rotated Palindrome II","Hard","Có","Chưa","https://leetcode.com/problems/minimum-operations-to-make-a-rotated-palindrome-ii/","Math; String"
"549","B","String matching, KMP và hashing","1408","String Matching in an Array","Easy","Không","Chưa","https://leetcode.com/problems/string-matching-in-an-array/","Array; String; String Matching"
"550","B","String matching, KMP và hashing","1455","Check If a Word Occurs As a Prefix of Any Word in a Sentence","Easy","Không","Chưa","https://leetcode.com/problems/check-if-a-word-occurs-as-a-prefix-of-any-word-in-a-sentence/","Two Pointers; String; String Matching"
"551","B","String matching, KMP và hashing","1668","Maximum Repeating Substring","Easy","Không","Chưa","https://leetcode.com/problems/maximum-repeating-substring/","String; Dynamic Programming; String Matching"
"552","B","String matching, KMP và hashing","2185","Counting Words With a Given Prefix","Easy","Không","Chưa","https://leetcode.com/problems/counting-words-with-a-given-prefix/","Array; String; String Matching"
"553","B","String matching, KMP và hashing","3407","Substring Matching Pattern","Easy","Không","Chưa","https://leetcode.com/problems/substring-matching-pattern/","String; String Matching"
"554","B","String matching, KMP và hashing","1461","Check If a String Contains All Binary Codes of Size K","Medium","Không","Chưa","https://leetcode.com/problems/check-if-a-string-contains-all-binary-codes-of-size-k/","Hash Table; String; Bit Manipulation; Rolling Hash; Hash Function; Directed Acyclic Graph"
"555","B","String matching, KMP và hashing","1554","Strings Differ by One Character","Medium","Có","Có","https://leetcode.com/problems/strings-differ-by-one-character/","Hash Table; String; Rolling Hash; Hash Function"
"556","B","String matching, KMP và hashing","2168","Unique Substrings With Equal Digit Frequency","Medium","Có","Chưa","https://leetcode.com/problems/unique-substrings-with-equal-digit-frequency/","Hash Table; String; Rolling Hash; Counting; Hash Function"
"557","B","String matching, KMP và hashing","3006","Find Beautiful Indices in the Given Array I","Medium","Không","Chưa","https://leetcode.com/problems/find-beautiful-indices-in-the-given-array-i/","Two Pointers; String; Binary Search; Rolling Hash; String Matching; Hash Function; Z Algorithm; Knuth–Morris–Pratt Algorithm; Boyer–Moore String-Search Algorithm"
"558","B","String matching, KMP và hashing","3029","Minimum Time to Revert Word to Initial State I","Medium","Không","Chưa","https://leetcode.com/problems/minimum-time-to-revert-word-to-initial-state-i/","String; Rolling Hash; String Matching; Hash Function"
"559","B","String matching, KMP và hashing","3529","Count Cells in Overlapping Horizontal and Vertical Substrings","Medium","Không","Chưa","https://leetcode.com/problems/count-cells-in-overlapping-horizontal-and-vertical-substrings/","Array; String; Rolling Hash; String Matching; Matrix; Hash Function"
"560","B","String matching, KMP và hashing","1147","Longest Chunked Palindrome Decomposition","Hard","Không","Chưa","https://leetcode.com/problems/longest-chunked-palindrome-decomposition/","Two Pointers; String; Dynamic Programming; Greedy; Rolling Hash; Hash Function"
"561","B","String matching, KMP và hashing","2223","Sum of Scores of Built Strings","Hard","Không","Chưa","https://leetcode.com/problems/sum-of-scores-of-built-strings/","String; Binary Search; Rolling Hash; Suffix Array; String Matching; Hash Function; Z Algorithm; Knuth–Morris–Pratt Algorithm"
"562","B","String matching, KMP và hashing","2430","Maximum Deletions on a String","Hard","Không","Chưa","https://leetcode.com/problems/maximum-deletions-on-a-string/","String; Dynamic Programming; Rolling Hash; String Matching; Hash Function"
"563","B","String matching, KMP và hashing","2851","String Transformation","Hard","Không","Chưa","https://leetcode.com/problems/string-transformation/","Math; String; Dynamic Programming; String Matching"
"564","B","String matching, KMP và hashing","3008","Find Beautiful Indices in the Given Array II","Hard","Không","Chưa","https://leetcode.com/problems/find-beautiful-indices-in-the-given-array-ii/","Two Pointers; String; Binary Search; Rolling Hash; String Matching; Hash Function; Z Algorithm; Knuth–Morris–Pratt Algorithm; Boyer–Moore String-Search Algorithm"
"565","B","String matching, KMP và hashing","3031","Minimum Time to Revert Word to Initial State II","Hard","Không","Chưa","https://leetcode.com/problems/minimum-time-to-revert-word-to-initial-state-ii/","String; Rolling Hash; String Matching; Hash Function"
"566","B","String matching, KMP và hashing","3213","Construct String with Minimum Cost","Hard","Không","Chưa","https://leetcode.com/problems/construct-string-with-minimum-cost/","Array; String; Dynamic Programming; Suffix Array"
"567","B","String matching, KMP và hashing","3303","Find the Occurrence of First Almost Equal Substring","Hard","Không","Chưa","https://leetcode.com/problems/find-the-occurrence-of-first-almost-equal-substring/","String; String Matching; Knuth–Morris–Pratt Algorithm"
"568","B","String matching, KMP và hashing","3455","Shortest Matching Substring","Hard","Không","Chưa","https://leetcode.com/problems/shortest-matching-substring/","Two Pointers; String; Binary Search; String Matching"
"569","B","String matching, KMP và hashing","3474","Lexicographically Smallest Generated String","Hard","Không","Chưa","https://leetcode.com/problems/lexicographically-smallest-generated-string/","String; Greedy; String Matching"
"570","B","String matching, KMP và hashing","3735","Lexicographically Smallest String After Reverse II","Hard","Có","Có","https://leetcode.com/problems/lexicographically-smallest-string-after-reverse-ii/","String; Binary Search; Rolling Hash; Suffix Array; Hash Function"
"571","B","Trie, prefix và dictionary","1065","Index Pairs of a String","Easy","Có","Chưa","https://leetcode.com/problems/index-pairs-of-a-string/","Array; String; Trie; Sorting; Aho–Corasick Algorithm"
"572","B","Trie, prefix và dictionary","3042","Count Prefix and Suffix Pairs I","Easy","Không","Chưa","https://leetcode.com/problems/count-prefix-and-suffix-pairs-i/","Array; String; Trie; Rolling Hash; String Matching; Hash Function"
"573","B","Trie, prefix và dictionary","3491","Phone Number Prefix","Easy","Có","Chưa","https://leetcode.com/problems/phone-number-prefix/","Array; String; Trie; Sorting"
"574","B","Trie, prefix và dictionary","616","Add Bold Tag in String","Medium","Có","Chưa","https://leetcode.com/problems/add-bold-tag-in-string/","Array; Hash Table; String; Trie; String Matching; Aho–Corasick Algorithm"
"575","B","Trie, prefix và dictionary","676","Implement Magic Dictionary","Medium","Không","Có","https://leetcode.com/problems/implement-magic-dictionary/","Hash Table; String; Depth-First Search; Design; Trie"
"576","B","Trie, prefix và dictionary","692","Top K Frequent Words","Medium","Không","Có","https://leetcode.com/problems/top-k-frequent-words/","Array; Hash Table; String; Trie; Sorting; Heap (Priority Queue); Bucket Sort; Counting"
"577","B","Trie, prefix và dictionary","720","Longest Word in Dictionary","Medium","Không","Có","https://leetcode.com/problems/longest-word-in-dictionary/","Array; Hash Table; String; Trie; Sorting"
"578","B","Trie, prefix và dictionary","758","Bold Words in String","Medium","Có","Chưa","https://leetcode.com/problems/bold-words-in-string/","Array; Hash Table; String; Trie; String Matching; Aho–Corasick Algorithm"
"579","B","Trie, prefix và dictionary","792","Number of Matching Subsequences","Medium","Không","Có","https://leetcode.com/problems/number-of-matching-subsequences/","Array; Hash Table; String; Binary Search; Dynamic Programming; Trie; Sorting"
"580","B","Trie, prefix và dictionary","820","Short Encoding of Words","Medium","Không","Chưa","https://leetcode.com/problems/short-encoding-of-words/","Array; Hash Table; String; Trie"
"581","B","Trie, prefix và dictionary","1023","Camelcase Matching","Medium","Không","Chưa","https://leetcode.com/problems/camelcase-matching/","Array; Two Pointers; String; Trie; String Matching"
"582","B","Trie, prefix và dictionary","1166","Design File System","Medium","Có","Có","https://leetcode.com/problems/design-file-system/","Hash Table; String; Design; Trie"
"583","B","Trie, prefix và dictionary","1233","Remove Sub-Folders from the Filesystem","Medium","Không","Chưa","https://leetcode.com/problems/remove-sub-folders-from-the-filesystem/","Array; String; Depth-First Search; Trie"
"584","B","Trie, prefix và dictionary","1698","Number of Distinct Substrings in a String","Medium","Có","Chưa","https://leetcode.com/problems/number-of-distinct-substrings-in-a-string/","String; Trie; Rolling Hash; Suffix Array; Hash Function"
"585","B","Trie, prefix và dictionary","1804","Implement Trie II (Prefix Tree)","Medium","Có","Có","https://leetcode.com/problems/implement-trie-ii-prefix-tree/","Hash Table; String; Design; Trie"
"586","B","Trie, prefix và dictionary","1858","Longest Word With All Prefixes","Medium","Có","Chưa","https://leetcode.com/problems/longest-word-with-all-prefixes/","Array; String; Depth-First Search; Trie"
"587","B","Trie, prefix và dictionary","2452","Words Within Two Edits of Dictionary","Medium","Không","Chưa","https://leetcode.com/problems/words-within-two-edits-of-dictionary/","Array; String; Trie"
"588","B","Trie, prefix và dictionary","2707","Extra Characters in a String","Medium","Không","Chưa","https://leetcode.com/problems/extra-characters-in-a-string/","Array; Hash Table; String; Dynamic Programming; Trie"
"589","B","Trie, prefix và dictionary","3043","Find the Length of the Longest Common Prefix","Medium","Không","Chưa","https://leetcode.com/problems/find-the-length-of-the-longest-common-prefix/","Array; Hash Table; String; Trie"
"590","B","Trie, prefix và dictionary","3076","Shortest Uncommon Substring in an Array","Medium","Không","Chưa","https://leetcode.com/problems/shortest-uncommon-substring-in-an-array/","Array; Hash Table; String; Trie"
"591","B","Trie, prefix và dictionary","3291","Minimum Number of Valid Strings to Form Target I","Medium","Không","Chưa","https://leetcode.com/problems/minimum-number-of-valid-strings-to-form-target-i/","Array; String; Binary Search; Dynamic Programming; Greedy; Trie; Segment Tree; Rolling Hash; String Matching; Hash Function"
"592","B","Trie, prefix và dictionary","3597","Partition String ","Medium","Không","Chưa","https://leetcode.com/problems/partition-string/","Hash Table; String; Trie; Simulation"
"593","B","Trie, prefix và dictionary","3758","Convert Number Words to Digits","Medium","Có","Chưa","https://leetcode.com/problems/convert-number-words-to-digits/","String; Trie"
"594","B","Trie, prefix và dictionary","140","Word Break II","Hard","Không","Có","https://leetcode.com/problems/word-break-ii/","Array; Hash Table; String; Dynamic Programming; Backtracking; Trie; Memoization"
"595","B","Trie, prefix và dictionary","336","Palindrome Pairs","Hard","Không","Chưa","https://leetcode.com/problems/palindrome-pairs/","Array; Hash Table; String; Trie; Hash Function"
"596","B","Trie, prefix và dictionary","425","Word Squares","Hard","Có","Chưa","https://leetcode.com/problems/word-squares/","Array; String; Backtracking; Trie"
"597","B","Trie, prefix và dictionary","472","Concatenated Words","Hard","Không","Chưa","https://leetcode.com/problems/concatenated-words/","Array; String; Dynamic Programming; Depth-First Search; Trie; Sorting"
"598","B","Trie, prefix và dictionary","527","Word Abbreviation","Hard","Có","Chưa","https://leetcode.com/problems/word-abbreviation/","Array; String; Greedy; Trie; Sorting"
"599","B","Trie, prefix và dictionary","588","Design In-Memory File System","Hard","Có","Có","https://leetcode.com/problems/design-in-memory-file-system/","Hash Table; String; Design; Trie; Sorting"
"600","B","Trie, prefix và dictionary","642","Design Search Autocomplete System","Hard","Có","Có","https://leetcode.com/problems/design-search-autocomplete-system/","String; Depth-First Search; Design; Trie; Sorting; Heap (Priority Queue); Data Stream"
"601","B","Trie, prefix và dictionary","1032","Stream of Characters","Hard","Không","Chưa","https://leetcode.com/problems/stream-of-characters/","Array; String; Design; Trie; Data Stream; Aho–Corasick Algorithm"
"602","B","Trie, prefix và dictionary","1178","Number of Valid Words for Each Puzzle","Hard","Không","Chưa","https://leetcode.com/problems/number-of-valid-words-for-each-puzzle/","Array; Hash Table; String; Bit Manipulation; Trie"
"603","B","Trie, prefix và dictionary","1948","Delete Duplicate Folders in System","Hard","Không","Chưa","https://leetcode.com/problems/delete-duplicate-folders-in-system/","Array; Hash Table; String; Depth-First Search; Trie; Sorting; Hash Function"
"604","B","Trie, prefix và dictionary","2227","Encrypt and Decrypt Strings","Hard","Không","Chưa","https://leetcode.com/problems/encrypt-and-decrypt-strings/","Array; Hash Table; String; Design; Trie"
"605","B","Trie, prefix và dictionary","2977","Minimum Cost to Convert String II","Hard","Không","Chưa","https://leetcode.com/problems/minimum-cost-to-convert-string-ii/","Array; String; Dynamic Programming; Graph Theory; Trie; Shortest Path"
"606","B","Trie, prefix và dictionary","3093","Longest Common Suffix Queries","Hard","Không","Chưa","https://leetcode.com/problems/longest-common-suffix-queries/","Array; String; Trie"
"607","B","Trie, prefix và dictionary","3485","Longest Common Prefix of K Strings After Removal","Hard","Không","Chưa","https://leetcode.com/problems/longest-common-prefix-of-k-strings-after-removal/","Array; String; Trie"
"608","B","Backtracking và đệ quy trên chuỗi","79","Word Search","Medium","Không","Có","https://leetcode.com/problems/word-search/","Array; String; Backtracking; Depth-First Search; Matrix"
"609","B","Backtracking và đệ quy trên chuỗi","267","Palindrome Permutation II","Medium","Có","Chưa","https://leetcode.com/problems/palindrome-permutation-ii/","Hash Table; String; Backtracking"
"610","B","Backtracking và đệ quy trên chuỗi","291","Word Pattern II","Medium","Có","Chưa","https://leetcode.com/problems/word-pattern-ii/","Hash Table; String; Backtracking"
"611","B","Backtracking và đệ quy trên chuỗi","306","Additive Number","Medium","Không","Chưa","https://leetcode.com/problems/additive-number/","String; Backtracking"
"612","B","Backtracking và đệ quy trên chuỗi","320","Generalized Abbreviation","Medium","Có","Chưa","https://leetcode.com/problems/generalized-abbreviation/","String; Backtracking; Bit Manipulation"
"613","B","Backtracking và đệ quy trên chuỗi","681","Next Closest Time","Medium","Có","Chưa","https://leetcode.com/problems/next-closest-time/","Hash Table; String; Backtracking; Enumeration"
"614","B","Backtracking và đệ quy trên chuỗi","756","Pyramid Transition Matrix","Medium","Không","Chưa","https://leetcode.com/problems/pyramid-transition-matrix/","Hash Table; String; Backtracking; Bit Manipulation"
"615","B","Backtracking và đệ quy trên chuỗi","816","Ambiguous Coordinates","Medium","Không","Chưa","https://leetcode.com/problems/ambiguous-coordinates/","String; Backtracking; Enumeration"
"616","B","Backtracking và đệ quy trên chuỗi","842","Split Array into Fibonacci Sequence","Medium","Không","Chưa","https://leetcode.com/problems/split-array-into-fibonacci-sequence/","String; Backtracking"
"617","B","Backtracking và đệ quy trên chuỗi","949","Largest Time for Given Digits","Medium","Không","Chưa","https://leetcode.com/problems/largest-time-for-given-digits/","Array; String; Backtracking; Enumeration"
"618","B","Backtracking và đệ quy trên chuỗi","1079","Letter Tile Possibilities","Medium","Không","Chưa","https://leetcode.com/problems/letter-tile-possibilities/","Hash Table; String; Backtracking; Counting"
"619","B","Backtracking và đệ quy trên chuỗi","1286","Iterator for Combination","Medium","Không","Chưa","https://leetcode.com/problems/iterator-for-combination/","String; Backtracking; Design; Iterator"
"620","B","Backtracking và đệ quy trên chuỗi","1415","The k-th Lexicographical String of All Happy Strings of Length n","Medium","Không","Chưa","https://leetcode.com/problems/the-k-th-lexicographical-string-of-all-happy-strings-of-length-n/","String; Backtracking"
"621","B","Backtracking và đệ quy trên chuỗi","1593","Split a String Into the Max Number of Unique Substrings","Medium","Không","Chưa","https://leetcode.com/problems/split-a-string-into-the-max-number-of-unique-substrings/","Hash Table; String; Backtracking"
"622","B","Backtracking và đệ quy trên chuỗi","1849","Splitting a String Into Descending Consecutive Values","Medium","Không","Chưa","https://leetcode.com/problems/splitting-a-string-into-descending-consecutive-values/","String; Backtracking; Enumeration"
"623","B","Backtracking và đệ quy trên chuỗi","1980","Find Unique Binary String","Medium","Không","Chưa","https://leetcode.com/problems/find-unique-binary-string/","Array; Hash Table; String; Backtracking"
"624","B","Backtracking và đệ quy trên chuỗi","2002","Maximum Product of the Length of Two Palindromic Subsequences","Medium","Không","Chưa","https://leetcode.com/problems/maximum-product-of-the-length-of-two-palindromic-subsequences/","String; Dynamic Programming; Backtracking; Bit Manipulation; Bitmask"
"625","B","Backtracking và đệ quy trên chuỗi","2767","Partition String Into Minimum Beautiful Substrings","Medium","Không","Chưa","https://leetcode.com/problems/partition-string-into-minimum-beautiful-substrings/","Hash Table; String; Dynamic Programming; Backtracking"
"626","B","Backtracking và đệ quy trên chuỗi","3211","Generate Binary Strings Without Adjacent Zeros","Medium","Không","Chưa","https://leetcode.com/problems/generate-binary-strings-without-adjacent-zeros/","String; Backtracking; Bit Manipulation"
"627","B","Backtracking và đệ quy trên chuỗi","3799","Word Squares II","Medium","Không","Chưa","https://leetcode.com/problems/word-squares-ii/","Array; String; Backtracking; Sorting; Enumeration"
"628","B","Backtracking và đệ quy trên chuỗi","3955","Valid Binary Strings With Cost Limit","Medium","Không","Chưa","https://leetcode.com/problems/valid-binary-strings-with-cost-limit/","String; Backtracking; Bit Manipulation; Enumeration"
"629","B","Backtracking và đệ quy trên chuỗi","126","Word Ladder II","Hard","Không","Có","https://leetcode.com/problems/word-ladder-ii/","Hash Table; String; Backtracking; Breadth-First Search; Bidirectional Search"
"630","B","Backtracking và đệ quy trên chuỗi","282","Expression Add Operators","Hard","Không","Có","https://leetcode.com/problems/expression-add-operators/","Math; String; Backtracking"
"631","B","Backtracking và đệ quy trên chuỗi","411","Minimum Unique Word Abbreviation","Hard","Có","Chưa","https://leetcode.com/problems/minimum-unique-word-abbreviation/","Array; String; Backtracking; Bit Manipulation"
"632","B","Backtracking và đệ quy trên chuỗi","691","Stickers to Spell Word","Hard","Không","Chưa","https://leetcode.com/problems/stickers-to-spell-word/","Array; Hash Table; String; Dynamic Programming; Backtracking; Bit Manipulation; Memoization; Bitmask"
"633","B","Backtracking và đệ quy trên chuỗi","1255","Maximum Score Words Formed by Letters","Hard","Không","Chưa","https://leetcode.com/problems/maximum-score-words-formed-by-letters/","Array; Hash Table; String; Dynamic Programming; Backtracking; Bit Manipulation; Counting; Bitmask"
"634","B","Backtracking và đệ quy trên chuỗi","1307","Verbal Arithmetic Puzzle","Hard","Không","Chưa","https://leetcode.com/problems/verbal-arithmetic-puzzle/","Array; Math; String; Backtracking"
"635","B","Backtracking và đệ quy trên chuỗi","2014","Longest Subsequence Repeated k Times","Hard","Không","Chưa","https://leetcode.com/problems/longest-subsequence-repeated-k-times/","Hash Table; Two Pointers; String; Backtracking; Counting; Enumeration"
"636","B","Backtracking và đệ quy trên chuỗi","2056","Number of Valid Move Combinations On Chessboard","Hard","Không","Chưa","https://leetcode.com/problems/number-of-valid-move-combinations-on-chessboard/","Array; String; Backtracking; Simulation"
"637","B","Backtracking và đệ quy trên chuỗi","3348","Smallest Divisible Digit Product II","Hard","Không","Chưa","https://leetcode.com/problems/smallest-divisible-digit-product-ii/","Math; String; Backtracking; Greedy; Number Theory"
"638","B","DP, palindrome và subsequence","2900","Longest Unequal Adjacent Groups Subsequence I","Easy","Không","Chưa","https://leetcode.com/problems/longest-unequal-adjacent-groups-subsequence-i/","Array; String; Dynamic Programming; Greedy"
"639","B","DP, palindrome và subsequence","418","Sentence Screen Fitting","Medium","Có","Có","https://leetcode.com/problems/sentence-screen-fitting/","Array; String; Dynamic Programming"
"640","B","DP, palindrome và subsequence","467","Unique Substrings in Wraparound String","Medium","Không","Chưa","https://leetcode.com/problems/unique-substrings-in-wraparound-string/","String; Dynamic Programming"
"641","B","DP, palindrome và subsequence","474","Ones and Zeroes","Medium","Không","Có","https://leetcode.com/problems/ones-and-zeroes/","Array; String; Dynamic Programming; Knapsack Problem; 0-1 Knapsack"
"642","B","DP, palindrome và subsequence","712","Minimum ASCII Delete Sum for Two Strings","Medium","Không","Có","https://leetcode.com/problems/minimum-ascii-delete-sum-for-two-strings/","String; Dynamic Programming; Longest Common Subsequence"
"643","B","DP, palindrome và subsequence","838","Push Dominoes","Medium","Không","Chưa","https://leetcode.com/problems/push-dominoes/","Two Pointers; String; Dynamic Programming"
"644","B","DP, palindrome và subsequence","926","Flip String to Monotone Increasing","Medium","Không","Chưa","https://leetcode.com/problems/flip-string-to-monotone-increasing/","String; Dynamic Programming"
"645","B","DP, palindrome và subsequence","1048","Longest String Chain","Medium","Không","Chưa","https://leetcode.com/problems/longest-string-chain/","Array; Hash Table; Two Pointers; String; Dynamic Programming; Sorting"
"646","B","DP, palindrome và subsequence","1525","Number of Good Ways to Split a String","Medium","Không","Chưa","https://leetcode.com/problems/number-of-good-ways-to-split-a-string/","Hash Table; String; Dynamic Programming; Bit Manipulation; Prefix Sum"
"647","B","DP, palindrome và subsequence","1578","Minimum Time to Make Rope Colorful","Medium","Không","Chưa","https://leetcode.com/problems/minimum-time-to-make-rope-colorful/","Array; String; Dynamic Programming; Greedy"
"648","B","DP, palindrome và subsequence","1638","Count Substrings That Differ by One Character","Medium","Không","Chưa","https://leetcode.com/problems/count-substrings-that-differ-by-one-character/","Hash Table; String; Dynamic Programming; Enumeration"
"649","B","DP, palindrome và subsequence","1682","Longest Palindromic Subsequence II","Medium","Có","Có","https://leetcode.com/problems/longest-palindromic-subsequence-ii/","String; Dynamic Programming"
"650","B","DP, palindrome và subsequence","2052","Minimum Cost to Separate Sentence Into Rows","Medium","Có","Chưa","https://leetcode.com/problems/minimum-cost-to-separate-sentence-into-rows/","String; Dynamic Programming"
"651","B","DP, palindrome và subsequence","2063","Vowels of All Substrings","Medium","Không","Chưa","https://leetcode.com/problems/vowels-of-all-substrings/","Math; String; Dynamic Programming; Combinatorics"
"652","B","DP, palindrome và subsequence","2086","Minimum Number of Food Buckets to Feed the Hamsters","Medium","Không","Chưa","https://leetcode.com/problems/minimum-number-of-food-buckets-to-feed-the-hamsters/","String; Dynamic Programming; Greedy"
"653","B","DP, palindrome và subsequence","2222","Number of Ways to Select Buildings","Medium","Không","Chưa","https://leetcode.com/problems/number-of-ways-to-select-buildings/","String; Dynamic Programming; Prefix Sum"
"654","B","DP, palindrome và subsequence","2266","Count Number of Texts","Medium","Không","Chưa","https://leetcode.com/problems/count-number-of-texts/","Hash Table; Math; String; Dynamic Programming"
"655","B","DP, palindrome và subsequence","2311","Longest Binary Subsequence Less Than or Equal to K","Medium","Không","Chưa","https://leetcode.com/problems/longest-binary-subsequence-less-than-or-equal-to-k/","String; Dynamic Programming; Greedy; Memoization"
"656","B","DP, palindrome và subsequence","2370","Longest Ideal Subsequence","Medium","Không","Chưa","https://leetcode.com/problems/longest-ideal-subsequence/","Hash Table; String; Dynamic Programming"
"657","B","DP, palindrome và subsequence","2380","Time Needed to Rearrange a Binary String","Medium","Không","Chưa","https://leetcode.com/problems/time-needed-to-rearrange-a-binary-string/","String; Dynamic Programming; Simulation"
"658","B","DP, palindrome và subsequence","2522","Partition String Into Substrings With Values at Most K","Medium","Không","Chưa","https://leetcode.com/problems/partition-string-into-substrings-with-values-at-most-k/","String; Dynamic Programming; Greedy"
"659","B","DP, palindrome và subsequence","2606","Find the Substring With Maximum Cost","Medium","Không","Chưa","https://leetcode.com/problems/find-the-substring-with-maximum-cost/","Array; Hash Table; String; Dynamic Programming"
"660","B","DP, palindrome và subsequence","2712","Minimum Cost to Make All Characters Equal","Medium","Không","Chưa","https://leetcode.com/problems/minimum-cost-to-make-all-characters-equal/","String; Dynamic Programming; Greedy"
"661","B","DP, palindrome và subsequence","2746","Decremental String Concatenation","Medium","Không","Chưa","https://leetcode.com/problems/decremental-string-concatenation/","Array; String; Dynamic Programming"
"662","B","DP, palindrome và subsequence","2896","Apply Operations to Make Two Strings Equal","Medium","Không","Chưa","https://leetcode.com/problems/apply-operations-to-make-two-strings-equal/","String; Dynamic Programming"
"663","B","DP, palindrome và subsequence","2901","Longest Unequal Adjacent Groups Subsequence II","Medium","Không","Chưa","https://leetcode.com/problems/longest-unequal-adjacent-groups-subsequence-ii/","Array; String; Dynamic Programming"
"664","B","DP, palindrome và subsequence","2957","Remove Adjacent Almost-Equal Characters","Medium","Không","Chưa","https://leetcode.com/problems/remove-adjacent-almost-equal-characters/","String; Dynamic Programming; Greedy"
"665","B","DP, palindrome và subsequence","3144","Minimum Substring Partition of Equal Character Frequency","Medium","Không","Chưa","https://leetcode.com/problems/minimum-substring-partition-of-equal-character-frequency/","Hash Table; String; Dynamic Programming; Counting"
"666","B","DP, palindrome và subsequence","3302","Find the Lexicographically Smallest Valid Sequence","Medium","Không","Có","https://leetcode.com/problems/find-the-lexicographically-smallest-valid-sequence/","Two Pointers; String; Dynamic Programming; Greedy"
"667","B","DP, palindrome và subsequence","3316","Find Maximum Removals From Source String","Medium","Không","Chưa","https://leetcode.com/problems/find-maximum-removals-from-source-string/","Array; Hash Table; Two Pointers; String; Dynamic Programming"
"668","B","DP, palindrome và subsequence","3335","Total Characters in String After Transformations I","Medium","Không","Chưa","https://leetcode.com/problems/total-characters-in-string-after-transformations-i/","Hash Table; Math; String; Dynamic Programming; Counting"
"669","B","DP, palindrome và subsequence","3458","Select K Disjoint Special Substrings","Medium","Không","Có","https://leetcode.com/problems/select-k-disjoint-special-substrings/","Hash Table; String; Dynamic Programming; Greedy; Sorting"
"670","B","DP, palindrome và subsequence","3472","Longest Palindromic Subsequence After at Most K Operations","Medium","Không","Chưa","https://leetcode.com/problems/longest-palindromic-subsequence-after-at-most-k-operations/","String; Dynamic Programming"
"671","B","DP, palindrome và subsequence","3503","Longest Palindrome After Substring Concatenation I","Medium","Không","Chưa","https://leetcode.com/problems/longest-palindrome-after-substring-concatenation-i/","Two Pointers; String; Dynamic Programming; Enumeration"
"672","B","DP, palindrome và subsequence","3557","Find Maximum Number of Non Intersecting Substrings","Medium","Không","Chưa","https://leetcode.com/problems/find-maximum-number-of-non-intersecting-substrings/","Hash Table; String; Dynamic Programming; Greedy"
"673","B","DP, palindrome và subsequence","3628","Maximum Number of Subsequences After One Inserting","Medium","Không","Chưa","https://leetcode.com/problems/maximum-number-of-subsequences-after-one-inserting/","String; Dynamic Programming; Greedy; Prefix Sum"
"674","B","DP, palindrome và subsequence","3844","Longest Almost-Palindromic Substring","Medium","Không","Chưa","https://leetcode.com/problems/longest-almost-palindromic-substring/","Two Pointers; String; Dynamic Programming"
"675","B","DP, palindrome và subsequence","3952","Maximum Total Value of Covered Indices","Medium","Không","Chưa","https://leetcode.com/problems/maximum-total-value-of-covered-indices/","Array; String; Dynamic Programming; Greedy"
"676","B","DP, palindrome và subsequence","3980","Minimum Operations to Transform Binary String","Medium","Không","Chưa","https://leetcode.com/problems/minimum-operations-to-transform-binary-string/","String; Dynamic Programming; Greedy"
"677","B","DP, palindrome và subsequence","87","Scramble String","Hard","Không","Chưa","https://leetcode.com/problems/scramble-string/","String; Dynamic Programming"
"678","B","DP, palindrome và subsequence","466","Count The Repetitions","Hard","Không","Chưa","https://leetcode.com/problems/count-the-repetitions/","Two Pointers; String; Dynamic Programming"
"679","B","DP, palindrome và subsequence","471","Encode String with Shortest Length","Hard","Có","Có","https://leetcode.com/problems/encode-string-with-shortest-length/","String; Dynamic Programming"
"680","B","DP, palindrome và subsequence","514","Freedom Trail","Hard","Không","Có","https://leetcode.com/problems/freedom-trail/","String; Dynamic Programming; Depth-First Search; Breadth-First Search"
"681","B","DP, palindrome và subsequence","639","Decode Ways II","Hard","Không","Chưa","https://leetcode.com/problems/decode-ways-ii/","String; Dynamic Programming"
"682","B","DP, palindrome và subsequence","828","Count Unique Characters of All Substrings of a Given String","Hard","Không","Chưa","https://leetcode.com/problems/count-unique-characters-of-all-substrings-of-a-given-string/","Hash Table; String; Dynamic Programming"
"683","B","DP, palindrome và subsequence","902","Numbers At Most N Given Digit Set","Hard","Không","Chưa","https://leetcode.com/problems/numbers-at-most-n-given-digit-set/","Array; Math; String; Binary Search; Dynamic Programming"
"684","B","DP, palindrome và subsequence","903","Valid Permutations for DI Sequence","Hard","Không","Chưa","https://leetcode.com/problems/valid-permutations-for-di-sequence/","String; Dynamic Programming; Prefix Sum"
"685","B","DP, palindrome và subsequence","940","Distinct Subsequences II","Hard","Không","Có","https://leetcode.com/problems/distinct-subsequences-ii/","String; Dynamic Programming"
"686","B","DP, palindrome và subsequence","943","Find the Shortest Superstring","Hard","Không","Có","https://leetcode.com/problems/find-the-shortest-superstring/","Array; String; Dynamic Programming; Bit Manipulation; Bitmask; Hamiltonian Path"
"687","B","DP, palindrome và subsequence","960","Delete Columns to Make Sorted III","Hard","Không","Chưa","https://leetcode.com/problems/delete-columns-to-make-sorted-iii/","Array; String; Dynamic Programming"
"688","B","DP, palindrome và subsequence","1092","Shortest Common Supersequence ","Hard","Không","Có","https://leetcode.com/problems/shortest-common-supersequence/","String; Dynamic Programming; Longest Common Subsequence"
"689","B","DP, palindrome và subsequence","1216","Valid Palindrome III","Hard","Có","Có","https://leetcode.com/problems/valid-palindrome-iii/","String; Dynamic Programming"
"690","B","DP, palindrome và subsequence","1278","Palindrome Partitioning III","Hard","Không","Chưa","https://leetcode.com/problems/palindrome-partitioning-iii/","String; Dynamic Programming"
"691","B","DP, palindrome và subsequence","1320","Minimum Distance to Type a Word Using Two Fingers","Hard","Không","Chưa","https://leetcode.com/problems/minimum-distance-to-type-a-word-using-two-fingers/","String; Dynamic Programming"
"692","B","DP, palindrome và subsequence","1416","Restore The Array","Hard","Không","Có","https://leetcode.com/problems/restore-the-array/","String; Dynamic Programming"
"693","B","DP, palindrome và subsequence","1639","Number of Ways to Form a Target String Given a Dictionary","Hard","Không","Có","https://leetcode.com/problems/number-of-ways-to-form-a-target-string-given-a-dictionary/","Array; String; Dynamic Programming"
"694","B","DP, palindrome và subsequence","1745","Palindrome Partitioning IV","Hard","Không","Chưa","https://leetcode.com/problems/palindrome-partitioning-iv/","String; Dynamic Programming"
"695","B","DP, palindrome và subsequence","1771","Maximize Palindrome Length From Subsequences","Hard","Không","Chưa","https://leetcode.com/problems/maximize-palindrome-length-from-subsequences/","String; Dynamic Programming"
"696","B","DP, palindrome và subsequence","1977","Number of Ways to Separate Numbers","Hard","Không","Có","https://leetcode.com/problems/number-of-ways-to-separate-numbers/","String; Dynamic Programming; Prefix Sum"
"697","B","DP, palindrome và subsequence","1987","Number of Unique Good Subsequences","Hard","Không","Có","https://leetcode.com/problems/number-of-unique-good-subsequences/","String; Dynamic Programming"
"698","B","DP, palindrome và subsequence","2060","Check if an Original String Exists Given Two Encoded Strings","Hard","Không","Chưa","https://leetcode.com/problems/check-if-an-original-string-exists-given-two-encoded-strings/","String; Dynamic Programming"
"699","B","DP, palindrome và subsequence","2147","Number of Ways to Divide a Long Corridor","Hard","Không","Chưa","https://leetcode.com/problems/number-of-ways-to-divide-a-long-corridor/","Math; String; Dynamic Programming"
"700","B","DP, palindrome và subsequence","2167","Minimum Time to Remove All Cars Containing Illegal Goods","Hard","Không","Chưa","https://leetcode.com/problems/minimum-time-to-remove-all-cars-containing-illegal-goods/","String; Dynamic Programming"
"701","B","DP, palindrome và subsequence","2209","Minimum White Tiles After Covering With Carpets","Hard","Không","Chưa","https://leetcode.com/problems/minimum-white-tiles-after-covering-with-carpets/","String; Dynamic Programming; Prefix Sum"
"702","B","DP, palindrome và subsequence","2262","Total Appeal of A String","Hard","Không","Chưa","https://leetcode.com/problems/total-appeal-of-a-string/","Hash Table; String; Dynamic Programming"
"703","B","DP, palindrome và subsequence","2272","Substring With Largest Variance","Hard","Không","Chưa","https://leetcode.com/problems/substring-with-largest-variance/","Hash Table; String; Dynamic Programming; Enumeration"
"704","B","DP, palindrome và subsequence","2472","Maximum Number of Non-overlapping Palindrome Substrings","Hard","Không","Có","https://leetcode.com/problems/maximum-number-of-non-overlapping-palindrome-substrings/","Two Pointers; String; Dynamic Programming; Greedy"
"705","B","DP, palindrome và subsequence","2478","Number of Beautiful Partitions","Hard","Không","Chưa","https://leetcode.com/problems/number-of-beautiful-partitions/","String; Dynamic Programming; Prefix Sum"
"706","B","DP, palindrome và subsequence","2484","Count Palindromic Subsequences","Hard","Không","Chưa","https://leetcode.com/problems/count-palindromic-subsequences/","String; Dynamic Programming"
"707","B","DP, palindrome và subsequence","2719","Count of Integers","Hard","Không","Chưa","https://leetcode.com/problems/count-of-integers/","Math; String; Dynamic Programming"
"708","B","DP, palindrome và subsequence","2801","Count Stepping Numbers in Range","Hard","Không","Chưa","https://leetcode.com/problems/count-stepping-numbers-in-range/","String; Dynamic Programming"
"709","B","DP, palindrome và subsequence","2911","Minimum Changes to Make K Semi-palindromes","Hard","Không","Chưa","https://leetcode.com/problems/minimum-changes-to-make-k-semi-palindromes/","Two Pointers; String; Dynamic Programming"
"710","B","DP, palindrome và subsequence","2999","Count the Number of Powerful Integers","Hard","Không","Chưa","https://leetcode.com/problems/count-the-number-of-powerful-integers/","Math; String; Dynamic Programming"
"711","B","DP, palindrome và subsequence","3003","Maximize the Number of Partitions After Operations","Hard","Không","Chưa","https://leetcode.com/problems/maximize-the-number-of-partitions-after-operations/","String; Dynamic Programming; Bit Manipulation; Bitmask"
"712","B","DP, palindrome và subsequence","3260","Find the Largest Palindrome Divisible by K","Hard","Không","Chưa","https://leetcode.com/problems/find-the-largest-palindrome-divisible-by-k/","Math; String; Dynamic Programming; Greedy; Number Theory"
"713","B","DP, palindrome và subsequence","3320","Count The Number of Winning Sequences","Hard","Không","Chưa","https://leetcode.com/problems/count-the-number-of-winning-sequences/","String; Dynamic Programming"
"714","B","DP, palindrome và subsequence","3333","Find the Original Typed String II","Hard","Không","Chưa","https://leetcode.com/problems/find-the-original-typed-string-ii/","String; Dynamic Programming; Prefix Sum"
"715","B","DP, palindrome và subsequence","3337","Total Characters in String After Transformations II","Hard","Không","Chưa","https://leetcode.com/problems/total-characters-in-string-after-transformations-ii/","Hash Table; Math; String; Dynamic Programming; Counting"
"716","B","DP, palindrome và subsequence","3343","Count Number of Balanced Permutations","Hard","Không","Chưa","https://leetcode.com/problems/count-number-of-balanced-permutations/","Math; String; Dynamic Programming; Combinatorics"
"717","B","DP, palindrome và subsequence","3352","Count K-Reducible Numbers Less Than N","Hard","Không","Chưa","https://leetcode.com/problems/count-k-reducible-numbers-less-than-n/","Math; String; Dynamic Programming; Combinatorics"
"718","B","DP, palindrome và subsequence","3389","Minimum Operations to Make Character Frequencies Equal","Hard","Không","Chưa","https://leetcode.com/problems/minimum-operations-to-make-character-frequencies-equal/","Hash Table; String; Dynamic Programming; Counting; Enumeration"
"719","B","DP, palindrome và subsequence","3441","Minimum Cost Good Caption","Hard","Không","Chưa","https://leetcode.com/problems/minimum-cost-good-caption/","String; Dynamic Programming"
"720","B","DP, palindrome và subsequence","3448","Count Substrings Divisible By Last Digit","Hard","Không","Chưa","https://leetcode.com/problems/count-substrings-divisible-by-last-digit/","String; Dynamic Programming"
"721","B","DP, palindrome và subsequence","3504","Longest Palindrome After Substring Concatenation II","Hard","Không","Chưa","https://leetcode.com/problems/longest-palindrome-after-substring-concatenation-ii/","Two Pointers; String; Dynamic Programming"
"722","B","DP, palindrome và subsequence","3519","Count Numbers with Non-Decreasing Digits ","Hard","Không","Chưa","https://leetcode.com/problems/count-numbers-with-non-decreasing-digits/","Math; String; Dynamic Programming"
"723","B","DP, palindrome và subsequence","3563","Lexicographically Smallest String After Adjacent Removals","Hard","Không","Chưa","https://leetcode.com/problems/lexicographically-smallest-string-after-adjacent-removals/","String; Dynamic Programming"
"724","B","DP, palindrome và subsequence","3579","Minimum Steps to Convert String with Operations","Hard","Không","Chưa","https://leetcode.com/problems/minimum-steps-to-convert-string-with-operations/","String; Dynamic Programming"
"725","B","DP, palindrome và subsequence","3981","Count Distinct Ways to Form Target from Two Strings","Hard","Không","Chưa","https://leetcode.com/problems/count-distinct-ways-to-form-target-from-two-strings/","String; Dynamic Programming; Prefix Sum"
"726","B","DP, palindrome và subsequence","3995","Minimum Cost to Convert String III","Hard","Không","Chưa","https://leetcode.com/problems/minimum-cost-to-convert-string-iii/","Array; String; Dynamic Programming"
"727","B","Greedy, sắp xếp và thứ tự từ điển","942","DI String Match","Easy","Không","Chưa","https://leetcode.com/problems/di-string-match/","Array; Two Pointers; String; Greedy"
"728","B","Greedy, sắp xếp và thứ tự từ điển","1221","Split a String in Balanced Strings","Easy","Không","Chưa","https://leetcode.com/problems/split-a-string-in-balanced-strings/","String; Greedy; Counting"
"729","B","Greedy, sắp xếp và thứ tự từ điển","1736","Latest Time by Replacing Hidden Digits","Easy","Không","Chưa","https://leetcode.com/problems/latest-time-by-replacing-hidden-digits/","String; Greedy"
"730","B","Greedy, sắp xếp và thứ tự từ điển","1859","Sorting the Sentence","Easy","Không","Chưa","https://leetcode.com/problems/sorting-the-sentence/","String; Sorting; Bubble Sort"
"731","B","Greedy, sắp xếp và thứ tự từ điển","1903","Largest Odd Number in String","Easy","Không","Chưa","https://leetcode.com/problems/largest-odd-number-in-string/","Math; String; Greedy"
"732","B","Greedy, sắp xếp và thứ tự từ điển","1974","Minimum Time to Type Word Using Special Typewriter","Easy","Không","Chưa","https://leetcode.com/problems/minimum-time-to-type-word-using-special-typewriter/","String; Greedy"
"733","B","Greedy, sắp xếp và thứ tự từ điển","2027","Minimum Moves to Convert String","Easy","Không","Chưa","https://leetcode.com/problems/minimum-moves-to-convert-string/","String; Greedy"
"734","B","Greedy, sắp xếp và thứ tự từ điển","2224","Minimum Number of Operations to Convert Time","Easy","Không","Chưa","https://leetcode.com/problems/minimum-number-of-operations-to-convert-time/","String; Greedy"
"735","B","Greedy, sắp xếp và thứ tự từ điển","2259","Remove Digit From Number to Maximize Result","Easy","Không","Chưa","https://leetcode.com/problems/remove-digit-from-number-to-maximize-result/","String; Greedy; Enumeration"
"736","B","Greedy, sắp xếp và thứ tự từ điển","2273","Find Resultant Array After Removing Anagrams","Easy","Không","Chưa","https://leetcode.com/problems/find-resultant-array-after-removing-anagrams/","Array; Hash Table; String; Sorting"
"737","B","Greedy, sắp xếp và thứ tự từ điển","2418","Sort the People","Easy","Không","Chưa","https://leetcode.com/problems/sort-the-people/","Array; Hash Table; String; Sorting"
"738","B","Greedy, sắp xếp và thứ tự từ điển","2697","Lexicographically Smallest Palindrome","Easy","Không","Chưa","https://leetcode.com/problems/lexicographically-smallest-palindrome/","Two Pointers; String; Greedy"
"739","B","Greedy, sắp xếp và thứ tự từ điển","2864","Maximum Odd Binary Number","Easy","Không","Chưa","https://leetcode.com/problems/maximum-odd-binary-number/","Math; String; Greedy"
"740","B","Greedy, sắp xếp và thứ tự từ điển","3014","Minimum Number of Pushes to Type Word I","Easy","Không","Có","https://leetcode.com/problems/minimum-number-of-pushes-to-type-word-i/","Math; String; Greedy"
"741","B","Greedy, sắp xếp và thứ tự từ điển","3216","Lexicographically Smallest String After a Swap","Easy","Không","Chưa","https://leetcode.com/problems/lexicographically-smallest-string-after-a-swap/","String; Greedy"
"742","B","Greedy, sắp xếp và thứ tự từ điển","3545","Minimum Deletions for At Most K Distinct Characters","Easy","Không","Chưa","https://leetcode.com/problems/minimum-deletions-for-at-most-k-distinct-characters/","Hash Table; String; Greedy; Sorting; Counting"
"743","B","Greedy, sắp xếp và thứ tự từ điển","3606","Coupon Code Validator","Easy","Không","Chưa","https://leetcode.com/problems/coupon-code-validator/","Array; Hash Table; String; Sorting"
"744","B","Greedy, sắp xếp và thứ tự từ điển","3992","Rearrange String to Avoid Character Pair","Easy","Không","Chưa","https://leetcode.com/problems/rearrange-string-to-avoid-character-pair/","Two Pointers; String; Sorting"
"745","B","Greedy, sắp xếp và thứ tự từ điển","179","Largest Number","Medium","Không","Có","https://leetcode.com/problems/largest-number/","Array; String; Greedy; Sorting"
"746","B","Greedy, sắp xếp và thứ tự từ điển","522","Longest Uncommon Subsequence II","Medium","Không","Chưa","https://leetcode.com/problems/longest-uncommon-subsequence-ii/","Array; Hash Table; Two Pointers; String; Sorting"
"747","B","Greedy, sắp xếp và thứ tự từ điển","539","Minimum Time Difference","Medium","Không","Có","https://leetcode.com/problems/minimum-time-difference/","Array; Math; String; Sorting"
"748","B","Greedy, sắp xếp và thứ tự từ điển","555","Split Concatenated Strings","Medium","Có","Chưa","https://leetcode.com/problems/split-concatenated-strings/","Array; String; Greedy"
"749","B","Greedy, sắp xếp và thứ tự từ điển","649","Dota2 Senate","Medium","Không","Chưa","https://leetcode.com/problems/dota2-senate/","String; Greedy; Queue"
"750","B","Greedy, sắp xếp và thứ tự từ điển","763","Partition Labels","Medium","Không","Chưa","https://leetcode.com/problems/partition-labels/","Hash Table; Two Pointers; String; Greedy"
"751","B","Greedy, sắp xếp và thứ tự từ điển","833","Find And Replace in String","Medium","Không","Chưa","https://leetcode.com/problems/find-and-replace-in-string/","Array; Hash Table; String; Sorting"
"752","B","Greedy, sắp xếp và thứ tự từ điển","893","Groups of Special-Equivalent Strings","Medium","Không","Chưa","https://leetcode.com/problems/groups-of-special-equivalent-strings/","Array; Hash Table; String; Sorting"
"753","B","Greedy, sắp xếp và thứ tự từ điển","937","Reorder Data in Log Files","Medium","Không","Chưa","https://leetcode.com/problems/reorder-data-in-log-files/","Array; String; Sorting"
"754","B","Greedy, sắp xếp và thứ tự từ điển","955","Delete Columns to Make Sorted II","Medium","Không","Chưa","https://leetcode.com/problems/delete-columns-to-make-sorted-ii/","Array; String; Greedy"
"755","B","Greedy, sắp xếp và thứ tự từ điển","984","String Without AAA or BBB","Medium","Không","Chưa","https://leetcode.com/problems/string-without-aaa-or-bbb/","String; Greedy"
"756","B","Greedy, sắp xếp và thứ tự từ điển","1055","Shortest Way to Form String","Medium","Có","Có","https://leetcode.com/problems/shortest-way-to-form-string/","Two Pointers; String; Binary Search; Greedy"
"757","B","Greedy, sắp xếp và thứ tự từ điển","1058","Minimize Rounding Error to Meet Target","Medium","Có","Chưa","https://leetcode.com/problems/minimize-rounding-error-to-meet-target/","Array; Math; String; Greedy; Sorting"
"758","B","Greedy, sắp xếp và thứ tự từ điển","1152","Analyze User Website Visit Pattern","Medium","Có","Chưa","https://leetcode.com/problems/analyze-user-website-visit-pattern/","Array; Hash Table; String; Sorting"
"759","B","Greedy, sắp xếp và thứ tự từ điển","1169","Invalid Transactions","Medium","Không","Chưa","https://leetcode.com/problems/invalid-transactions/","Array; Hash Table; String; Sorting"
"760","B","Greedy, sắp xếp và thứ tự từ điển","1170","Compare Strings by Frequency of the Smallest Character","Medium","Không","Chưa","https://leetcode.com/problems/compare-strings-by-frequency-of-the-smallest-character/","Array; Hash Table; String; Binary Search; Sorting"
"761","B","Greedy, sắp xếp và thứ tự từ điển","1181","Before and After Puzzle","Medium","Có","Chưa","https://leetcode.com/problems/before-and-after-puzzle/","Array; Hash Table; String; Sorting"
"762","B","Greedy, sắp xếp và thứ tự từ điển","1247","Minimum Swaps to Make Strings Equal","Medium","Không","Chưa","https://leetcode.com/problems/minimum-swaps-to-make-strings-equal/","Math; String; Greedy"
"763","B","Greedy, sắp xếp và thứ tự từ điển","1328","Break a Palindrome","Medium","Không","Chưa","https://leetcode.com/problems/break-a-palindrome/","String; Greedy"
"764","B","Greedy, sắp xếp và thứ tự từ điển","1348","Tweet Counts Per Frequency","Medium","Không","Chưa","https://leetcode.com/problems/tweet-counts-per-frequency/","Hash Table; String; Binary Search; Design; Sorting; Ordered Set"
"765","B","Greedy, sắp xếp và thứ tự từ điển","1366","Rank Teams by Votes","Medium","Không","Chưa","https://leetcode.com/problems/rank-teams-by-votes/","Array; Hash Table; String; Sorting; Counting"
"766","B","Greedy, sắp xếp và thứ tự từ điển","1400","Construct K Palindrome Strings","Medium","Không","Chưa","https://leetcode.com/problems/construct-k-palindrome-strings/","Hash Table; String; Greedy; Counting"
"767","B","Greedy, sắp xếp và thứ tự từ điển","1405","Longest Happy String","Medium","Không","Chưa","https://leetcode.com/problems/longest-happy-string/","String; Greedy; Heap (Priority Queue)"
"768","B","Greedy, sắp xếp và thứ tự từ điển","1418","Display Table of Food Orders in a Restaurant","Medium","Không","Chưa","https://leetcode.com/problems/display-table-of-food-orders-in-a-restaurant/","Array; Hash Table; String; Sorting; Ordered Set"
"769","B","Greedy, sắp xếp và thứ tự từ điển","1433","Check If a String Can Break Another String","Medium","Không","Chưa","https://leetcode.com/problems/check-if-a-string-can-break-another-string/","String; Greedy; Sorting"
"770","B","Greedy, sắp xếp và thứ tự từ điển","1451","Rearrange Words in a Sentence","Medium","Không","Chưa","https://leetcode.com/problems/rearrange-words-in-a-sentence/","String; Sorting"
"771","B","Greedy, sắp xếp và thứ tự từ điển","1529","Minimum Suffix Flips","Medium","Không","Chưa","https://leetcode.com/problems/minimum-suffix-flips/","String; Greedy"
"772","B","Greedy, sắp xếp và thứ tự từ điển","1604","Alert Using Same Key-Card Three or More Times in a One Hour Period","Medium","Không","Chưa","https://leetcode.com/problems/alert-using-same-key-card-three-or-more-times-in-a-one-hour-period/","Array; Hash Table; String; Sorting"
"773","B","Greedy, sắp xếp và thứ tự từ điển","1647","Minimum Deletions to Make Character Frequencies Unique","Medium","Không","Chưa","https://leetcode.com/problems/minimum-deletions-to-make-character-frequencies-unique/","Hash Table; String; Greedy; Sorting"
"774","B","Greedy, sắp xếp và thứ tự từ điển","1689","Partitioning Into Minimum Number Of Deci-Binary Numbers","Medium","Không","Chưa","https://leetcode.com/problems/partitioning-into-minimum-number-of-deci-binary-numbers/","String; Greedy"
"775","B","Greedy, sắp xếp và thứ tự từ điển","1702","Maximum Binary String After Change","Medium","Không","Chưa","https://leetcode.com/problems/maximum-binary-string-after-change/","String; Greedy"
"776","B","Greedy, sắp xếp và thứ tự từ điển","1754","Largest Merge Of Two Strings","Medium","Không","Chưa","https://leetcode.com/problems/largest-merge-of-two-strings/","Two Pointers; String; Greedy"
"777","B","Greedy, sắp xếp và thứ tự từ điển","1772","Sort Features by Popularity","Medium","Có","Chưa","https://leetcode.com/problems/sort-features-by-popularity/","Array; Hash Table; String; Sorting"
"778","B","Greedy, sắp xếp và thứ tự từ điển","1794","Count Pairs of Equal Substrings With Minimum Difference","Medium","Có","Chưa","https://leetcode.com/problems/count-pairs-of-equal-substrings-with-minimum-difference/","Hash Table; String; Greedy"
"779","B","Greedy, sắp xếp và thứ tự từ điển","1850","Minimum Adjacent Swaps to Reach the Kth Smallest Number","Medium","Không","Chưa","https://leetcode.com/problems/minimum-adjacent-swaps-to-reach-the-kth-smallest-number/","Two Pointers; String; Greedy"
"780","B","Greedy, sắp xếp và thứ tự từ điển","1864","Minimum Number of Swaps to Make the Binary String Alternating","Medium","Không","Chưa","https://leetcode.com/problems/minimum-number-of-swaps-to-make-the-binary-string-alternating/","String; Greedy"
"781","B","Greedy, sắp xếp và thứ tự từ điển","1881","Maximum Value after Insertion","Medium","Không","Chưa","https://leetcode.com/problems/maximum-value-after-insertion/","String; Greedy"
"782","B","Greedy, sắp xếp và thứ tự từ điển","1946","Largest Number After Mutating Substring","Medium","Không","Chưa","https://leetcode.com/problems/largest-number-after-mutating-substring/","Array; String; Greedy"
"783","B","Greedy, sắp xếp và thứ tự từ điển","1985","Find the Kth Largest Integer in the Array","Medium","Không","Chưa","https://leetcode.com/problems/find-the-kth-largest-integer-in-the-array/","Array; String; Divide and Conquer; Sorting; Heap (Priority Queue); Quickselect"
"784","B","Greedy, sắp xếp và thứ tự từ điển","2131","Longest Palindrome by Concatenating Two Letter Words","Medium","Không","Chưa","https://leetcode.com/problems/longest-palindrome-by-concatenating-two-letter-words/","Array; Hash Table; String; Greedy; Counting"
"785","B","Greedy, sắp xếp và thứ tự từ điển","2135","Count Words Obtained After Adding a Letter","Medium","Không","Chưa","https://leetcode.com/problems/count-words-obtained-after-adding-a-letter/","Array; Hash Table; String; Bit Manipulation; Sorting"
"786","B","Greedy, sắp xếp và thứ tự từ điển","2182","Construct String With Repeat Limit","Medium","Không","Chưa","https://leetcode.com/problems/construct-string-with-repeat-limit/","Hash Table; String; Greedy; Heap (Priority Queue); Counting"
"787","B","Greedy, sắp xếp và thứ tự từ điển","2207","Maximize Number of Subsequences in a String","Medium","Không","Chưa","https://leetcode.com/problems/maximize-number-of-subsequences-in-a-string/","String; Greedy; Prefix Sum"
"788","B","Greedy, sắp xếp và thứ tự từ điển","2268","Minimum Number of Keypresses","Medium","Có","Chưa","https://leetcode.com/problems/minimum-number-of-keypresses/","Hash Table; String; Greedy; Sorting; Counting"
"789","B","Greedy, sắp xếp và thứ tự từ điển","2343","Query Kth Smallest Trimmed Number","Medium","Không","Chưa","https://leetcode.com/problems/query-kth-smallest-trimmed-number/","Array; String; Divide and Conquer; Sorting; Heap (Priority Queue); Radix Sort; Quickselect"
"790","B","Greedy, sắp xếp và thứ tự từ điển","2353","Design a Food Rating System","Medium","Không","Chưa","https://leetcode.com/problems/design-a-food-rating-system/","Array; Hash Table; String; Design; Heap (Priority Queue); Ordered Set"
"791","B","Greedy, sắp xếp và thứ tự từ điển","2384","Largest Palindromic Number","Medium","Không","Chưa","https://leetcode.com/problems/largest-palindromic-number/","Hash Table; String; Greedy; Counting"
"792","B","Greedy, sắp xếp và thứ tự từ điển","2405","Optimal Partition of String","Medium","Không","Chưa","https://leetcode.com/problems/optimal-partition-of-string/","Hash Table; String; Greedy"
"793","B","Greedy, sắp xếp và thứ tự từ điển","2456","Most Popular Video Creator","Medium","Không","Chưa","https://leetcode.com/problems/most-popular-video-creator/","Array; Hash Table; String; Sorting; Heap (Priority Queue)"
"794","B","Greedy, sắp xếp và thứ tự từ điển","2486","Append Characters to String to Make Subsequence","Medium","Không","Chưa","https://leetcode.com/problems/append-characters-to-string-to-make-subsequence/","Two Pointers; String; Greedy"
"795","B","Greedy, sắp xếp và thứ tự từ điển","2512","Reward Top K Students","Medium","Không","Chưa","https://leetcode.com/problems/reward-top-k-students/","Array; Hash Table; String; Sorting; Heap (Priority Queue)"
"796","B","Greedy, sắp xếp và thứ tự từ điển","2590","Design a Todo List","Medium","Có","Chưa","https://leetcode.com/problems/design-a-todo-list/","Array; Hash Table; String; Design; Sorting"
"797","B","Greedy, sắp xếp và thứ tự từ điển","2734","Lexicographically Smallest String After Substring Operation","Medium","Không","Chưa","https://leetcode.com/problems/lexicographically-smallest-string-after-substring-operation/","String; Greedy"
"798","B","Greedy, sắp xếp và thứ tự từ điển","2785","Sort Vowels in a String","Medium","Không","Chưa","https://leetcode.com/problems/sort-vowels-in-a-string/","String; Sorting"
"799","B","Greedy, sắp xếp và thứ tự từ điển","2800","Shortest String That Contains Three Strings","Medium","Không","Chưa","https://leetcode.com/problems/shortest-string-that-contains-three-strings/","String; Greedy; Enumeration"
"800","B","Greedy, sắp xếp và thứ tự từ điển","2840","Check if Strings Can be Made Equal With Operations II","Medium","Không","Chưa","https://leetcode.com/problems/check-if-strings-can-be-made-equal-with-operations-ii/","Hash Table; String; Sorting"
"801","B","Greedy, sắp xếp và thứ tự từ điển","2844","Minimum Operations to Make a Special Number","Medium","Không","Chưa","https://leetcode.com/problems/minimum-operations-to-make-a-special-number/","Math; String; Greedy; Enumeration"
"802","B","Greedy, sắp xếp và thứ tự từ điển","2933","High-Access Employees","Medium","Không","Chưa","https://leetcode.com/problems/high-access-employees/","Array; Hash Table; String; Sorting"
"803","B","Greedy, sắp xếp và thứ tự từ điển","2938","Separate Black and White Balls","Medium","Không","Chưa","https://leetcode.com/problems/separate-black-and-white-balls/","Two Pointers; String; Greedy"
"804","B","Greedy, sắp xếp và thứ tự từ điển","3016","Minimum Number of Pushes to Type Word II","Medium","Không","Có","https://leetcode.com/problems/minimum-number-of-pushes-to-type-word-ii/","Hash Table; String; Greedy; Sorting; Counting"
"805","B","Greedy, sắp xếp và thứ tự từ điển","3035","Maximum Palindromes After Operations","Medium","Không","Chưa","https://leetcode.com/problems/maximum-palindromes-after-operations/","Array; Hash Table; String; Greedy; Sorting; Counting"
"806","B","Greedy, sắp xếp và thứ tự từ điển","3081","Replace Question Marks in String to Minimize Its Value","Medium","Không","Chưa","https://leetcode.com/problems/replace-question-marks-in-string-to-minimize-its-value/","Hash Table; String; Greedy; Sorting; Heap (Priority Queue); Counting"
"807","B","Greedy, sắp xếp và thứ tự từ điển","3085","Minimum Deletions to Make String K-Special","Medium","Không","Chưa","https://leetcode.com/problems/minimum-deletions-to-make-string-k-special/","Hash Table; String; Greedy; Sorting; Counting"
"808","B","Greedy, sắp xếp và thứ tự từ điển","3106","Lexicographically Smallest String After Operations With Constraint","Medium","Không","Chưa","https://leetcode.com/problems/lexicographically-smallest-string-after-operations-with-constraint/","String; Greedy"
"809","B","Greedy, sắp xếp và thứ tự từ điển","3119","Maximum Number of Potholes That Can Be Fixed","Medium","Có","Chưa","https://leetcode.com/problems/maximum-number-of-potholes-that-can-be-fixed/","String; Greedy; Sorting"
"810","B","Greedy, sắp xếp và thứ tự từ điển","3125","Maximum Number That Makes Result of Bitwise AND Zero","Medium","Có","Chưa","https://leetcode.com/problems/maximum-number-that-makes-result-of-bitwise-and-zero/","String; Greedy; Sorting"
"811","B","Greedy, sắp xếp và thứ tự từ điển","3143","Maximum Points Inside the Square","Medium","Không","Chưa","https://leetcode.com/problems/maximum-points-inside-the-square/","Array; Hash Table; String; Binary Search; Sorting"
"812","B","Greedy, sắp xếp và thứ tự từ điển","3167","Better Compression of String","Medium","Có","Chưa","https://leetcode.com/problems/better-compression-of-string/","Hash Table; String; Sorting; Counting"
"813","B","Greedy, sắp xếp và thứ tự từ điển","3228","Maximum Number of Operations to Move Ones to the End","Medium","Không","Chưa","https://leetcode.com/problems/maximum-number-of-operations-to-move-ones-to-the-end/","String; Greedy; Counting"
"814","B","Greedy, sắp xếp và thứ tự từ điển","3365","Rearrange K Substrings to Form Target String","Medium","Không","Chưa","https://leetcode.com/problems/rearrange-k-substrings-to-form-target-string/","Hash Table; String; Sorting"
"815","B","Greedy, sắp xếp và thứ tự từ điển","3517","Smallest Palindromic Rearrangement I","Medium","Không","Có","https://leetcode.com/problems/smallest-palindromic-rearrangement-i/","String; Sorting; Counting Sort"
"816","B","Greedy, sắp xếp và thứ tự từ điển","3556","Sum of Largest Prime Substrings","Medium","Không","Chưa","https://leetcode.com/problems/sum-of-largest-prime-substrings/","Hash Table; Math; String; Sorting; Number Theory"
"817","B","Greedy, sắp xếp và thứ tự từ điển","3675","Minimum Operations to Transform String","Medium","Không","Chưa","https://leetcode.com/problems/minimum-operations-to-transform-string/","String; Greedy"
"818","B","Greedy, sắp xếp và thứ tự từ điển","3720","Lexicographically Smallest Permutation Greater Than Target","Medium","Không","Có","https://leetcode.com/problems/lexicographically-smallest-permutation-greater-than-target/","Hash Table; String; Greedy; Counting; Enumeration"
"819","B","Greedy, sắp xếp và thứ tự từ điển","3781","Maximum Score After Binary Swaps","Medium","Không","Chưa","https://leetcode.com/problems/maximum-score-after-binary-swaps/","Array; String; Greedy; Heap (Priority Queue)"
"820","B","Greedy, sắp xếp và thứ tự từ điển","3800","Minimum Cost to Make Two Binary Strings Equal","Medium","Không","Chưa","https://leetcode.com/problems/minimum-cost-to-make-two-binary-strings-equal/","String; Greedy"
"821","B","Greedy, sắp xếp và thứ tự từ điển","3849","Maximum Bitwise XOR After Rearrangement","Medium","Không","Chưa","https://leetcode.com/problems/maximum-bitwise-xor-after-rearrangement/","String; Greedy; Bit Manipulation"
"822","B","Greedy, sắp xếp và thứ tự từ điển","3913","Sort Vowels by Frequency","Medium","Không","Chưa","https://leetcode.com/problems/sort-vowels-by-frequency/","String; Sorting; Counting"
"823","B","Greedy, sắp xếp và thứ tự từ điển","3998","Transform Binary String Using Subsequence Sort","Medium","Không","Chưa","https://leetcode.com/problems/transform-binary-string-using-subsequence-sort/","Array; Two Pointers; String; Greedy"
"824","B","Greedy, sắp xếp và thứ tự từ điển","4026","Maximum Gap Between Stations","Medium","Không","Chưa","https://leetcode.com/problems/maximum-gap-between-stations/","Two Pointers; String; Greedy"
"825","B","Greedy, sắp xếp và thứ tự từ điển","4036","Lexicographically Largest String After Pair Transformations","Medium","Không","Chưa","https://leetcode.com/problems/lexicographically-largest-string-after-pair-transformations/","Array; String; Greedy; Bit Manipulation"
"826","B","Greedy, sắp xếp và thứ tự từ điển","358","Rearrange String k Distance Apart","Hard","Có","Chưa","https://leetcode.com/problems/rearrange-string-k-distance-apart/","Hash Table; String; Greedy; Sorting; Heap (Priority Queue); Counting"
"827","B","Greedy, sắp xếp và thứ tự từ điển","420","Strong Password Checker","Hard","Không","Chưa","https://leetcode.com/problems/strong-password-checker/","String; Greedy; Heap (Priority Queue)"
"828","B","Greedy, sắp xếp và thứ tự từ điển","1520","Maximum Number of Non-Overlapping Substrings","Hard","Không","Có","https://leetcode.com/problems/maximum-number-of-non-overlapping-substrings/","Hash Table; String; Greedy; Sorting"
"829","B","Greedy, sắp xếp và thứ tự từ điển","1585","Check If String Is Transformable With Substring Sort Operations","Hard","Không","Chưa","https://leetcode.com/problems/check-if-string-is-transformable-with-substring-sort-operations/","String; Greedy; Sorting"
"830","B","Greedy, sắp xếp và thứ tự từ điển","2663","Lexicographically Smallest Beautiful String","Hard","Không","Chưa","https://leetcode.com/problems/lexicographically-smallest-beautiful-string/","String; Greedy"
"831","B","Greedy, sắp xếp và thứ tự từ điển","2842","Count K-Subsequences of a String With Maximum Beauty","Hard","Không","Chưa","https://leetcode.com/problems/count-k-subsequences-of-a-string-with-maximum-beauty/","Hash Table; Math; String; Greedy; Sorting; Combinatorics; Fermat's Little Theorem"
"832","B","Greedy, sắp xếp và thứ tự từ điển","3088","Make String Anti-palindrome","Hard","Có","Chưa","https://leetcode.com/problems/make-string-anti-palindrome/","String; Greedy; Sorting; Counting Sort"
"833","B","Greedy, sắp xếp và thứ tự từ điển","3104","Find Longest Self-Contained Substring","Hard","Có","Chưa","https://leetcode.com/problems/find-longest-self-contained-substring/","Hash Table; String; Sorting"
"834","B","Kết hợp thuật toán nâng cao","257","Binary Tree Paths","Easy","Không","Có","https://leetcode.com/problems/binary-tree-paths/","String; Backtracking; Tree; Depth-First Search; Binary Tree"
"835","B","Kết hợp thuật toán nâng cao","247","Strobogrammatic Number II","Medium","Có","Chưa","https://leetcode.com/problems/strobogrammatic-number-ii/","Array; String; Recursion"
"836","B","Kết hợp thuật toán nâng cao","331","Verify Preorder Serialization of a Binary Tree","Medium","Không","Chưa","https://leetcode.com/problems/verify-preorder-serialization-of-a-binary-tree/","String; Stack; Tree; Binary Tree"
"837","B","Kết hợp thuật toán nâng cao","399","Evaluate Division","Medium","Không","Có","https://leetcode.com/problems/evaluate-division/","Array; String; Depth-First Search; Breadth-First Search; Union-Find; Graph Theory; Shortest Path; Bellman–Ford Algorithm; Floyd–Warshall Algorithm"
"838","B","Kết hợp thuật toán nâng cao","449","Serialize and Deserialize BST","Medium","Không","Chưa","https://leetcode.com/problems/serialize-and-deserialize-bst/","String; Tree; Depth-First Search; Breadth-First Search; Design; Binary Search Tree; Binary Tree"
"839","B","Kết hợp thuật toán nâng cao","536","Construct Binary Tree from String","Medium","Có","Chưa","https://leetcode.com/problems/construct-binary-tree-from-string/","String; Stack; Tree; Depth-First Search; Binary Tree"
"840","B","Kết hợp thuật toán nâng cao","544","Output Contest Matches","Medium","Có","Chưa","https://leetcode.com/problems/output-contest-matches/","String; Recursion; Simulation"
"841","B","Kết hợp thuật toán nâng cao","606","Construct String from Binary Tree","Medium","Không","Chưa","https://leetcode.com/problems/construct-string-from-binary-tree/","String; Tree; Depth-First Search; Binary Tree"
"842","B","Kết hợp thuật toán nâng cao","721","Accounts Merge","Medium","Không","Có","https://leetcode.com/problems/accounts-merge/","Array; Hash Table; String; Depth-First Search; Breadth-First Search; Union-Find; Sorting"
"843","B","Kết hợp thuật toán nâng cao","737","Sentence Similarity II","Medium","Có","Chưa","https://leetcode.com/problems/sentence-similarity-ii/","Array; Hash Table; String; Depth-First Search; Breadth-First Search; Union-Find"
"844","B","Kết hợp thuật toán nâng cao","988","Smallest String Starting From Leaf","Medium","Không","Có","https://leetcode.com/problems/smallest-string-starting-from-leaf/","String; Backtracking; Tree; Depth-First Search; Binary Tree"
"845","B","Kết hợp thuật toán nâng cao","990","Satisfiability of Equality Equations","Medium","Không","Có","https://leetcode.com/problems/satisfiability-of-equality-equations/","Array; String; Union-Find; Graph Theory"
"846","B","Kết hợp thuật toán nâng cao","1061","Lexicographically Smallest Equivalent String","Medium","Không","Có","https://leetcode.com/problems/lexicographically-smallest-equivalent-string/","String; Union-Find"
"847","B","Kết hợp thuật toán nâng cao","1062","Longest Repeating Substring","Medium","Có","Chưa","https://leetcode.com/problems/longest-repeating-substring/","String; Binary Search; Dynamic Programming; Rolling Hash; Suffix Array; Hash Function; Suffix Automaton; Suffix Tree"
"848","B","Kết hợp thuật toán nâng cao","1202","Smallest String With Swaps","Medium","Không","Chưa","https://leetcode.com/problems/smallest-string-with-swaps/","Array; Hash Table; String; Depth-First Search; Breadth-First Search; Union-Find; Sorting"
"849","B","Kết hợp thuật toán nâng cao","1257","Smallest Common Region","Medium","Có","Chưa","https://leetcode.com/problems/smallest-common-region/","Array; Hash Table; String; Tree; Depth-First Search; Breadth-First Search; Binary Lifting; Lowest Common Ancestor"
"850","B","Kết hợp thuật toán nâng cao","1258","Synonymous Sentences","Medium","Có","Có","https://leetcode.com/problems/synonymous-sentences/","Array; Hash Table; String; Backtracking; Sort; Union-Find"
"851","B","Kết hợp thuật toán nâng cao","1545","Find Kth Bit in Nth Binary String","Medium","Không","Chưa","https://leetcode.com/problems/find-kth-bit-in-nth-binary-string/","String; Recursion; Simulation"
"852","B","Kết hợp thuật toán nâng cao","1618","Maximum Font to Fit a Sentence in a Screen","Medium","Có","Chưa","https://leetcode.com/problems/maximum-font-to-fit-a-sentence-in-a-screen/","Array; String; Binary Search; Interactive"
"853","B","Kết hợp thuật toán nâng cao","1927","Sum Game","Medium","Không","Có","https://leetcode.com/problems/sum-game/","Math; String; Greedy; Game Theory"
"854","B","Kết hợp thuật toán nâng cao","2038","Remove Colored Pieces if Both Neighbors are the Same Color","Medium","Không","Chưa","https://leetcode.com/problems/remove-colored-pieces-if-both-neighbors-are-the-same-color/","Math; String; Greedy; Game Theory"
"855","B","Kết hợp thuật toán nâng cao","2055","Plates Between Candles","Medium","Không","Chưa","https://leetcode.com/problems/plates-between-candles/","Array; String; Binary Search; Prefix Sum"
"856","B","Kết hợp thuật toán nâng cao","2096","Step-By-Step Directions From a Binary Tree Node to Another","Medium","Không","Có","https://leetcode.com/problems/step-by-step-directions-from-a-binary-tree-node-to-another/","String; Tree; Depth-First Search; Binary Tree; Binary Lifting; Lowest Common Ancestor"
"857","B","Kết hợp thuật toán nâng cao","2115","Find All Possible Recipes from Given Supplies","Medium","Không","Có","https://leetcode.com/problems/find-all-possible-recipes-from-given-supplies/","Array; Hash Table; String; Graph Theory; Topological Sort; Directed Acyclic Graph"
"858","B","Kết hợp thuật toán nâng cao","2976","Minimum Cost to Convert String I","Medium","Không","Chưa","https://leetcode.com/problems/minimum-cost-to-convert-string-i/","Array; String; Graph Theory; Shortest Path"
"859","B","Kết hợp thuật toán nâng cao","3227","Vowels Game in a String","Medium","Không","Chưa","https://leetcode.com/problems/vowels-game-in-a-string/","Math; String; Brainteaser; Game Theory"
"860","B","Kết hợp thuật toán nâng cao","3331","Find Subtree Sizes After Changes","Medium","Không","Chưa","https://leetcode.com/problems/find-subtree-sizes-after-changes/","Array; Hash Table; String; Tree; Depth-First Search"
"861","B","Kết hợp thuật toán nâng cao","3387","Maximize Amount After Two Days of Conversions","Medium","Không","Chưa","https://leetcode.com/problems/maximize-amount-after-two-days-of-conversions/","Array; String; Depth-First Search; Breadth-First Search; Graph Theory"
"862","B","Kết hợp thuật toán nâng cao","3970","Shortest Path With At Most K Consecutive Identical Characters","Medium","Không","Chưa","https://leetcode.com/problems/shortest-path-with-at-most-k-consecutive-identical-characters/","String; Graph Theory; Heap (Priority Queue); Shortest Path"
"863","B","Kết hợp thuật toán nâng cao","248","Strobogrammatic Number III","Hard","Có","Chưa","https://leetcode.com/problems/strobogrammatic-number-iii/","Array; String; Recursion"
"864","B","Kết hợp thuật toán nâng cao","269","Alien Dictionary","Hard","Có","Có","https://leetcode.com/problems/alien-dictionary/","Array; String; Depth-First Search; Breadth-First Search; Graph Theory; Topological Sort; Directed Acyclic Graph"
"865","B","Kết hợp thuật toán nâng cao","297","Serialize and Deserialize Binary Tree","Hard","Không","Có","https://leetcode.com/problems/serialize-and-deserialize-binary-tree/","String; Tree; Depth-First Search; Breadth-First Search; Design; Binary Tree"
"866","B","Kết hợp thuật toán nâng cao","332","Reconstruct Itinerary","Hard","Không","Có","https://leetcode.com/problems/reconstruct-itinerary/","Array; String; Depth-First Search; Graph Theory; Sorting; Heap (Priority Queue); Eulerian Circuit; Eulerian Path; Semi-Eulerian Graph"
"867","B","Kết hợp thuật toán nâng cao","428","Serialize and Deserialize N-ary Tree","Hard","Có","Chưa","https://leetcode.com/problems/serialize-and-deserialize-n-ary-tree/","String; Tree; Depth-First Search; Breadth-First Search"
"868","B","Kết hợp thuật toán nâng cao","499","The Maze III","Hard","Có","Có","https://leetcode.com/problems/the-maze-iii/","Array; String; Depth-First Search; Breadth-First Search; Graph Theory; Heap (Priority Queue); Matrix; Shortest Path; Dijkstra's Algorithm; Heuristic Search; A* Search"
"869","B","Kết hợp thuật toán nâng cao","631","Design Excel Sum Formula","Hard","Có","Chưa","https://leetcode.com/problems/design-excel-sum-formula/","Array; Hash Table; String; Graph Theory; Design; Topological Sort; Matrix"
"870","B","Kết hợp thuật toán nâng cao","753","Cracking the Safe","Hard","Không","Có","https://leetcode.com/problems/cracking-the-safe/","String; Depth-First Search; Graph Theory; Eulerian Circuit; Eulerian Path; Eulerian Graph"
"871","B","Kết hợp thuật toán nâng cao","839","Similar String Groups","Hard","Không","Chưa","https://leetcode.com/problems/similar-string-groups/","Array; Hash Table; String; Depth-First Search; Breadth-First Search; Union-Find"
"872","B","Kết hợp thuật toán nâng cao","843","Guess the Word","Hard","Không","Chưa","https://leetcode.com/problems/guess-the-word/","Array; Math; String; Minimax; Interactive; Game Theory"
"873","B","Kết hợp thuật toán nâng cao","1028","Recover a Tree From Preorder Traversal","Hard","Không","Chưa","https://leetcode.com/problems/recover-a-tree-from-preorder-traversal/","String; Tree; Depth-First Search; Binary Tree"
"874","B","Kết hợp thuật toán nâng cao","1153","String Transforms Into Another String","Hard","Có","Chưa","https://leetcode.com/problems/string-transforms-into-another-string/","Hash Table; String; Graph Theory"
"875","B","Kết hợp thuật toán nâng cao","1505","Minimum Possible Integer After at Most K Adjacent Swaps On Digits","Hard","Không","Chưa","https://leetcode.com/problems/minimum-possible-integer-after-at-most-k-adjacent-swaps-on-digits/","String; Greedy; Binary Indexed Tree; Segment Tree"
"876","B","Kết hợp thuật toán nâng cao","1548","The Most Similar Path in a Graph","Hard","Có","Chưa","https://leetcode.com/problems/the-most-similar-path-in-a-graph/","Array; String; Dynamic Programming; Graph Theory"
"877","B","Kết hợp thuật toán nâng cao","1597","Build Binary Expression Tree From Infix Expression","Hard","Có","Chưa","https://leetcode.com/problems/build-binary-expression-tree-from-infix-expression/","String; Stack; Tree; Binary Tree"
"878","B","Kết hợp thuật toán nâng cao","1857","Largest Color Value in a Directed Graph","Hard","Không","Chưa","https://leetcode.com/problems/largest-color-value-in-a-directed-graph/","Hash Table; String; Dynamic Programming; Graph Theory; Topological Sort; Memoization; Counting; Directed Acyclic Graph"
"879","B","Kết hợp thuật toán nâng cao","1960","Maximum Product of the Length of Two Palindromic Substrings","Hard","Không","Chưa","https://leetcode.com/problems/maximum-product-of-the-length-of-two-palindromic-substrings/","Two Pointers; String; Rolling Hash; Hash Function; Manacher; Palindromic Tree"
"880","B","Kết hợp thuật toán nâng cao","2157","Groups of Strings","Hard","Không","Có","https://leetcode.com/problems/groups-of-strings/","Array; Hash Table; String; Bit Manipulation; Union-Find"
"881","B","Kết hợp thuật toán nâng cao","2193","Minimum Number of Moves to Make Palindrome","Hard","Không","Chưa","https://leetcode.com/problems/minimum-number-of-moves-to-make-palindrome/","Two Pointers; String; Greedy; Binary Indexed Tree"
"882","B","Kết hợp thuật toán nâng cao","2246","Longest Path With Different Adjacent Characters","Hard","Không","Có","https://leetcode.com/problems/longest-path-with-different-adjacent-characters/","Array; String; Tree; Depth-First Search; Graph Theory; Topological Sort"
"883","B","Kết hợp thuật toán nâng cao","2307","Check for Contradictions in Equations","Hard","Có","Chưa","https://leetcode.com/problems/check-for-contradictions-in-equations/","Array; String; Depth-First Search; Union-Find; Graph Theory"
"884","B","Kết hợp thuật toán nâng cao","2573","Find the String with LCP","Hard","Không","Chưa","https://leetcode.com/problems/find-the-string-with-lcp/","Array; String; Dynamic Programming; Greedy; Union-Find; Matrix"
"885","B","Kết hợp thuật toán nâng cao","2868","The Wording Game","Hard","Có","Chưa","https://leetcode.com/problems/the-wording-game/","Array; Math; Two Pointers; String; Greedy; Game Theory"
"886","B","Kết hợp thuật toán nâng cao","3292","Minimum Number of Valid Strings to Form Target II","Hard","Không","Chưa","https://leetcode.com/problems/minimum-number-of-valid-strings-to-form-target-ii/","Array; String; Binary Search; Dynamic Programming; Greedy; Segment Tree; Rolling Hash; String Matching; Hash Function"
"887","B","Kết hợp thuật toán nâng cao","3327","Check if DFS Strings Are Palindromes","Hard","Không","Chưa","https://leetcode.com/problems/check-if-dfs-strings-are-palindromes/","Array; Hash Table; String; Tree; Depth-First Search; Hash Function"
"888","B","Kết hợp thuật toán nâng cao","3399","Smallest Substring With Identical Characters II","Hard","Không","Chưa","https://leetcode.com/problems/smallest-substring-with-identical-characters-ii/","String; Binary Search"
"889","B","Kết hợp thuật toán nâng cao","3435","Frequencies of Shortest Supersequences","Hard","Không","Chưa","https://leetcode.com/problems/frequencies-of-shortest-supersequences/","Array; String; Bit Manipulation; Graph Theory; Topological Sort; Enumeration"
"890","B","Kết hợp thuật toán nâng cao","3501","Maximize Active Section with Trade II","Hard","Không","Có","https://leetcode.com/problems/maximize-active-section-with-trade-ii/","Array; String; Binary Search; Segment Tree"
"891","B","Kết hợp thuật toán nâng cao","3615","Longest Palindromic Path in Graph","Hard","Không","Chưa","https://leetcode.com/problems/longest-palindromic-path-in-graph/","String; Dynamic Programming; Bit Manipulation; Graph Theory; Bitmask"
"892","B","Kết hợp thuật toán nâng cao","3666","Minimum Operations to Equalize Binary String","Hard","Không","Chưa","https://leetcode.com/problems/minimum-operations-to-equalize-binary-string/","Math; String; Breadth-First Search; Union-Find; Ordered Set"
"893","B","Kết hợp thuật toán nâng cao","3777","Minimum Deletions to Make Alternating Substring","Hard","Không","Chưa","https://leetcode.com/problems/minimum-deletions-to-make-alternating-substring/","String; Segment Tree"
"894","B","Kết hợp thuật toán nâng cao","3841","Palindromic Path Queries in a Tree","Hard","Không","Chưa","https://leetcode.com/problems/palindromic-path-queries-in-a-tree/","Array; String; Divide and Conquer; Bit Manipulation; Tree; Depth-First Search; Binary Indexed Tree; Segment Tree"
"895","B","Kết hợp thuật toán nâng cao","3864","Minimum Cost to Partition a Binary String","Hard","Không","Chưa","https://leetcode.com/problems/minimum-cost-to-partition-a-binary-string/","String; Divide and Conquer; Prefix Sum"
